Unnamed: 0,OriginID,DestinationID,TravelCost
0,0,0,130.203064
1,0,1,134.1248469
2,0,2,180.1449851
3,0,3,155.5186076
4,0,4,251.554001
5,0,5,178.6948814
6,0,6,113.4003275
7,0,7,158.181947
8,0,8,476.4983883
9,0,9,486.3290552
10,0,10,113.797025
11,0,11,139.4305248
12,0,12,417.8757501
13,0,13,430.1337471
14,0,14,431.4133148
15,0,15,453.1171063
16,0,16,437.0452901
17,0,17,340.0555755
18,0,18,294.9278461
19,0,19,344.3062001
20,0,20,398.3135383
21,0,21,93.68658927
22,0,22,323.7706054
23,0,23,99.66940673
24,0,24,5.52740327
25,0,25,434.4333424
26,0,26,127.8276658
27,0,27,80.85613356
28,0,28,391.4210216
29,0,29,64.37388576
30,0,30,166.2993469
31,0,31,261.7911844
32,0,32,445.8291472
33,0,33,503.765324
34,0,34,303.4134789
35,0,35,377.7428762
36,0,36,342.1610854
37,0,37,453.778215
38,0,38,454.1866201
39,0,39,459.5063591
40,0,40,196.4427081
41,0,41,481.6654363
42,0,42,420.8892836
43,0,43,465.1661725
44,0,44,185.8219177
45,0,45,486.1459041
46,0,46,202.8019374
47,0,47,193.4720681
48,0,48,100.2423276
49,0,49,4.196974508
50,0,50,482.2548059
51,0,51,193.3401106
52,1,0,166.5808373
53,1,1,185.1204542
54,1,2,246.7447588
55,1,3,214.4848592
56,1,4,319.1545453
57,1,5,250.9849172
58,1,6,176.2728665
59,1,7,229.7227997
60,1,8,472.9461294
61,1,9,550.8326231
62,1,10,86.99318203
63,1,11,89.59182174
64,1,12,477.4944921
65,1,13,490.6938985
66,1,14,493.4872522
67,1,15,515.0137408
68,1,16,498.1046325
69,1,17,411.2571795
70,1,18,349.7153613
71,1,19,401.2893284
72,1,20,456.5951435
73,1,21,165.8283143
74,1,22,323.3457648
75,1,23,67.426595
76,1,24,74.59578308
77,1,25,496.1454618
78,1,26,200.0611055
79,1,27,57.03215842
80,1,28,451.6147012
81,1,29,95.92691945
82,1,30,238.340652
83,1,31,328.9451203
84,1,32,507.2473108
85,1,33,569.2664983
86,1,34,286.1271437
87,1,35,435.2146105
88,1,36,413.125274
89,1,37,517.6158373
90,1,38,517.5367224
91,1,39,521.9732368
92,1,40,268.1597423
93,1,41,544.5730359
94,1,42,410.5389726
95,1,43,457.8623079
96,1,44,257.2221741
97,1,45,550.3189578
98,1,46,188.5122504
99,1,47,265.7863106
100,1,48,61.25791278
101,1,49,76.22149866
102,1,50,547.4415091
103,1,51,261.4792373
104,2,0,439.5058683
105,2,1,433.774143
106,2,2,437.2070857
107,2,3,440.3033835
108,2,4,488.2958865
109,2,5,381.2784655
110,2,6,398.3709365
111,2,7,387.3133447
112,2,8,165.6677871
113,2,9,712.6478416
114,2,10,397.6254505
115,2,11,395.6398328
116,2,12,671.4796905
117,2,13,679.263103
118,2,14,674.1356437
119,2,15,694.9597113
120,2,16,683.6530254
121,2,17,525.8155708
122,2,18,572.3047392
123,2,19,612.0395855
124,2,20,657.9738889
125,2,21,342.8377759
126,2,22,12.93024986
127,2,23,378.1533705
128,2,24,306.0483885
129,2,25,678.4947707
130,2,26,342.1192761
131,2,27,365.0059128
132,2,28,644.9483027
133,2,29,374.7805879
134,2,30,353.7451038
135,2,31,499.3027911
136,2,32,690.2867422
137,2,33,722.8047259
138,2,34,75.21136051
139,2,35,641.4719379
140,2,36,531.2701149
141,2,37,686.2741288
142,2,38,689.1259397
143,2,39,698.2845111
144,2,40,361.4628522
145,2,41,716.7123722
146,2,42,117.5409042
147,2,43,156.2017625
148,2,44,407.0069258
149,2,45,714.3138906
150,2,46,126.5756307
151,2,47,387.7204498
152,2,48,372.2743371
153,2,49,312.9370394
154,2,50,704.9227936
155,2,51,439.5000952
156,3,0,129.2511934
157,3,1,143.6156779
158,3,2,203.4111316
159,3,3,171.5846954
160,3,4,275.8639013
161,3,5,210.8118476
162,3,6,132.9140683
163,3,7,188.0960787
164,3,8,489.60697
165,3,9,507.5392873
166,3,10,82.09095979
167,3,11,104.0353643
168,3,12,434.8728668
169,3,13,447.9059629
170,3,14,450.4569218
171,3,15,472.0179739
172,3,16,455.2346252
173,3,17,369.0362689
174,3,18,308.0184384
175,3,19,359.1528564
176,3,20,414.2300013
177,3,21,125.5019696
178,3,22,337.6439337
179,3,23,65.94904922
180,3,24,40.16462389
181,3,25,453.1700176
182,3,26,161.4215246
183,3,27,47.64018238
184,3,28,408.8685737
185,3,29,57.30447405
186,3,30,200.2510446
187,3,31,285.6126199
188,3,32,464.3227124
189,3,33,525.9122761
190,3,34,309.2575721
191,3,35,393.0066013
192,3,36,370.7391669
193,3,37,474.3763875
194,3,38,474.3491485
195,3,39,478.8979176
196,3,40,230.8007326
197,3,41,501.4460696
198,3,42,430.6660367
199,3,43,476.5173257
200,3,44,215.3780258
201,3,45,507.0539345
202,3,46,208.9865379
203,3,47,225.779196
204,3,48,65.3731914
205,3,49,38.71347683
206,3,50,504.1011913
207,3,51,218.3005488
208,4,0,112.311769
209,4,1,89.1198877
210,4,2,93.14553035
211,4,3,72.32380173
212,4,4,115.9884251
213,4,5,170.6448958
214,4,6,115.0141089
215,4,7,145.7357912
216,4,8,675.6720304
217,4,9,292.9774756
218,4,10,229.7967536
219,4,11,271.6720402
220,4,12,208.898653
221,4,13,223.6262787
222,4,14,229.9522856
223,4,15,250.3864869
224,4,16,231.9335343
225,4,17,221.4950292
226,4,18,77.23049357
227,4,19,130.2420501
228,4,20,186.243613
229,4,21,170.4566505
230,4,22,525.4035552
231,4,23,237.8433689
232,4,24,225.0372651
233,4,25,231.5820616
234,4,26,181.3691567
235,4,27,230.7782568
236,4,28,184.8482342
237,4,29,177.9079459
238,4,30,192.2143607
239,4,31,117.2898
240,4,32,241.6658668
241,4,33,314.6106114
242,4,34,519.1396654
243,4,35,164.1341731
244,4,36,218.8647667
245,4,37,258.6044666
246,4,38,256.9265897
247,4,39,258.6387313
248,4,40,209.7428165
249,4,41,281.8407263
250,4,42,628.5014439
251,4,43,668.7182517
252,4,44,144.4720987
253,4,45,291.326659
254,4,46,420.2925864
255,4,47,177.0817371
256,4,48,246.4204048
257,4,49,218.6477981
258,4,50,292.3025992
259,4,51,104.8332612
260,5,0,344.7430122
261,5,1,312.8129458
262,5,2,249.2872955
263,5,3,279.0710676
264,5,4,181.3679037
265,5,5,283.8565874
266,5,6,316.9271346
267,5,7,285.4286186
268,5,8,811.5384948
269,5,9,58.37318409
270,5,10,462.535693
271,5,11,504.8987989
272,5,12,53.26157452
273,5,13,41.58745202
274,5,14,23.56136979
275,5,15,35.03076626
276,5,16,36.61881144
277,5,17,154.2266582
278,5,18,163.1012514
279,5,19,114.1770547
280,5,20,72.68475256
281,5,21,346.0872907
282,5,22,674.8889764
283,5,23,468.3884869
284,5,24,429.7858898
285,5,25,28.38324435
286,5,26,330.4383423
287,5,27,458.6691377
288,5,28,58.96753105
289,5,29,401.670718
290,5,30,310.7627309
291,5,31,170.334871
292,5,32,35.60662548
293,5,33,79.56482246
294,5,34,691.0084875
295,5,35,89.45340889
296,5,36,147.3392497
297,5,37,24.78466668
298,5,38,26.01061867
299,5,39,35.44630329
300,5,40,302.1769986
301,5,41,53.97407914
302,5,42,780.0854602
303,5,43,811.6430778
304,5,44,260.9753094
305,5,45,57.47572655
306,5,46,601.5347077
307,5,47,275.9707069
308,5,48,476.4529331
309,5,49,424.835187
310,5,50,57.29553443
311,5,51,238.4264971
312,6,0,414.644028
313,6,1,412.1333233
314,6,2,423.2525713
315,6,3,421.846705
316,6,4,478.6100337
317,6,5,372.8720191
318,6,6,379.0249994
319,6,7,375.643897
320,6,8,195.0475437
321,6,9,707.6879645
322,6,10,364.895401
323,6,11,360.3233073
324,6,12,661.526441
325,6,13,670.1709357
326,6,14,666.1052844
327,6,15,687.2656138
328,6,16,675.0396627
329,6,17,524.2829776
330,6,18,556.9616009
331,6,19,598.9517461
332,6,20,646.8041236
333,6,21,326.2597506
334,6,22,50.17700441
335,6,23,345.3365632
336,6,24,280.2035788
337,6,25,670.2754341
338,6,26,329.9462173
339,6,27,333.1938951
340,6,28,634.7705798
341,6,29,347.5793254
342,6,30,345.8221955
343,6,31,489.7291663
344,6,32,682.1032634
345,6,33,719.100857
346,6,34,44.45525906
347,6,35,629.4033703
348,6,36,529.3835532
349,6,37,680.0652041
350,6,38,682.5408547
351,6,39,691.1397299
352,6,40,356.9628615
353,6,41,710.3526958
354,6,42,136.1987146
355,6,43,181.1217109
356,6,44,397.2124782
357,6,45,709.0686947
358,6,46,90.08550027
359,6,47,380.7259866
360,6,48,338.9938448
361,6,49,287.1528675
362,6,50,700.4783657
363,6,51,427.236071
364,7,0,274.3093377
365,7,1,234.1419468
366,7,2,146.2018681
367,7,3,195.7100913
368,7,4,85.63723439
369,7,5,135.7759182
370,7,6,215.089088
371,7,7,151.7056596
372,7,8,642.9573581
373,7,9,214.46754
374,7,10,379.0199706
375,7,11,420.109442
376,7,12,197.1583515
377,7,13,198.5508332
378,7,14,187.7280965
379,7,15,205.807792
380,7,16,199.8065258
381,7,17,30.28923892
382,7,18,179.6897154
383,7,19,177.3153507
384,7,20,194.7299828
385,7,21,216.7486413
386,7,22,510.7504903
387,7,23,378.0412492
388,7,24,308.8136021
389,7,25,192.8207537
390,7,26,188.674418
391,7,27,363.38155
392,7,28,175.6061775
393,7,29,305.7773623
394,7,30,158.1010585
395,7,31,83.98638711
396,7,32,203.7329752
397,7,33,223.2041547
398,7,34,534.3892051
399,7,35,189.102627
400,7,36,33.49394228
401,7,37,191.5908708
402,7,38,195.6539448
403,7,39,206.6466828
404,7,40,140.5766663
405,7,41,221.823121
406,7,42,615.1055617
407,7,43,644.3581792
408,7,44,124.0553855
409,7,45,216.6517425
410,7,46,452.0377738
411,7,47,123.2162369
412,7,48,384.204824
413,7,49,305.7687206
414,7,50,206.0142295
415,7,51,127.6736759
416,8,0,151.104805
417,8,1,127.8158354
418,8,2,119.2142819
419,8,3,123.39379
420,8,4,180.473484
421,8,5,88.44043033
422,8,6,85.85084187
423,8,7,76.67832514
424,8,8,481.1486091
425,8,9,416.7630991
426,8,10,196.0851261
427,8,11,229.0047426
428,8,12,360.3219351
429,8,13,370.2673474
430,8,14,368.2493524
431,8,15,389.8693084
432,8,16,375.9478544
433,8,17,254.082285
434,8,18,253.0672114
435,8,19,294.9695991
436,8,20,344.1426892
437,8,21,25.35052398
438,8,22,332.0896786
439,8,23,186.5396155
440,8,24,91.81958713
441,8,25,371.9895677
442,8,26,35.36652983
443,8,27,168.2149229
444,8,28,333.4190989
445,8,29,124.2761463
446,8,30,72.16014544
447,8,31,191.5506007
448,8,32,383.7647665
449,8,33,431.6979028
450,8,34,333.962131
451,8,35,325.9740189
452,8,36,257.0769415
453,8,37,386.2425939
454,8,38,387.7347459
455,8,39,394.8964384
456,8,40,101.838364
457,8,41,415.6990837
458,8,42,436.373929
459,8,43,475.0482332
460,8,44,103.0042122
461,8,45,417.3232968
462,8,46,240.4682006
463,8,47,102.3042723
464,8,48,189.3802507
465,8,49,91.13967341
466,8,50,411.1946172
467,8,51,124.9740418
468,9,0,110.4322315
469,9,1,131.835533
470,9,2,201.8837401
471,9,3,164.1740463
472,9,4,274.3276628
473,9,5,219.9177896
474,9,6,130.1131294
475,9,7,194.4344345
476,9,8,517.9673683
477,9,9,501.4428152
478,9,10,55.07223914
479,9,11,84.20507305
480,9,12,425.1765142
481,9,13,438.8336235
482,9,14,442.5207076
483,9,15,463.865157
484,9,16,446.5038212
485,9,17,372.2684265
486,9,18,295.8671951
487,9,19,348.0415603
488,9,20,403.7031556
489,9,21,136.1010485
490,9,22,366.2760574
491,9,23,42.01841397
492,9,24,64.00269437
493,9,25,444.9420552
494,9,26,173.8249418
495,9,27,23.41743633
496,9,28,399.689802
497,9,29,41.72972626
498,9,30,212.7439778
499,9,31,283.4565151
500,9,32,455.8294143
501,9,33,520.6870557
502,9,34,335.8921705
503,9,35,382.0406728
504,9,36,373.4363075
505,9,37,467.803631
506,9,38,467.3612414
507,9,39,471.170867
508,9,40,243.8574336
509,9,41,494.002089
510,9,42,458.2641525
511,9,43,504.482299
512,9,44,220.7731247
513,9,45,500.6650389
514,9,46,236.1292797
515,9,47,234.9998832
516,9,48,44.6485565
517,9,49,60.14821002
518,9,50,498.6439625
519,9,51,218.2560355
520,10,0,348.6180672
521,10,1,311.0245478
522,10,2,230.5987015
523,10,3,273.1023975
524,10,4,158.3129816
525,10,5,239.3194885
526,10,6,302.371763
527,10,7,250.5873922
528,10,8,745.2429306
529,10,9,116.6297315
530,10,10,461.9609642
531,10,11,504.2142341
532,10,12,139.3945531
533,10,13,132.230527
534,10,14,115.4733303
535,10,15,125.8359389
536,10,16,128.8588145
537,10,17,79.176784
538,10,18,198.1865178
539,10,19,166.3025605
540,10,20,150.3102691
541,10,21,315.6268954
542,10,22,615.8002593
543,10,23,463.9879845
544,10,24,406.1243282
545,10,25,120.6117523
546,10,26,291.2595074
547,10,27,451.2375958
548,10,28,130.5656629
549,10,29,392.8731788
550,10,30,263.1700472
551,10,31,149.8037712
552,10,32,128.0881483
553,10,33,120.401638
554,10,34,640.5216036
555,10,35,157.5833522
556,10,36,73.70322266
557,10,37,103.6371808
558,10,38,109.6204519
559,10,39,122.4864122
560,10,40,246.7159135
561,10,41,130.4274668
562,10,42,719.7036552
563,10,43,747.6944041
564,10,44,223.2057712
565,10,45,119.9761057
566,10,46,557.7227052
567,10,47,227.8378692
568,10,48,471.0640948
569,10,49,402.3369967
570,10,50,106.4421673
571,10,51,214.6568191
572,11,0,182.3707098
573,11,1,194.6801482
574,11,2,246.0413725
575,11,3,219.7295241
576,11,4,317.3565398
577,11,5,240.0836608
578,11,6,178.5748004
579,11,7,222.0792509
580,11,8,442.8419748
581,11,9,552.1986516
582,11,10,117.83484
583,11,11,122.417042
584,11,12,482.8756666
585,11,13,495.376704
586,11,14,496.9706078
587,11,15,518.6522822
588,11,16,502.404683
589,11,17,403.8392768
590,11,18,358.1394583
591,11,19,408.4219882
592,11,20,462.9168447
593,11,21,156.8502133
594,11,22,292.3242151
595,11,23,98.45384207
596,11,24,65.66995326
597,11,25,499.9247795
598,11,26,187.5535287
599,11,27,85.35497248
600,11,28,456.546323
601,11,29,110.4487509
602,11,30,224.4026302
603,11,31,327.6396601
604,11,32,511.2684198
605,11,33,569.6612484
606,11,34,258.6108245
607,11,35,442.0688047
608,11,36,406.2282769
609,11,37,519.5907048
610,11,38,519.9456678
611,11,39,525.1422925
612,11,40,252.8876534
613,11,41,547.3746401
614,11,42,381.7376067
615,11,43,428.4891571
616,11,44,249.7780206
617,11,45,551.9933902
618,11,46,159.3812147
619,11,47,254.4198458
620,11,48,93.13991142
621,11,49,70.0809373
622,11,50,548.1494018
623,11,51,259.1106199
624,12,0,238.2862117
625,12,1,198.3488205
626,12,2,111.3671656
627,12,3,159.7702554
628,12,4,48.5652402
629,12,5,115.044509
630,12,6,181.8279314
631,12,7,124.8043249
632,12,8,639.4508264
633,12,9,222.2608942
634,12,10,345.0841168
635,12,11,386.5839915
636,12,12,188.3374605
637,12,13,192.7897265
638,12,14,185.0037992
639,12,15,205.0411036
640,12,16,195.7381182
641,12,17,62.77460208
642,12,18,148.752653
643,12,19,154.5631312
644,12,20,181.4131545
645,12,21,189.9304845
646,12,22,502.5882576
647,12,23,344.9745694
648,12,24,280.9260433
649,12,25,189.7132828
650,12,26,165.9402515
651,12,27,330.9192605
652,12,28,164.038626
653,12,29,272.8804768
654,12,30,140.5520205
655,12,31,47.9100877
656,12,32,201.2887723
657,12,33,234.53526
658,12,34,521.049574
659,12,35,171.9098099
660,12,36,62.8968445
661,12,37,195.179848
662,12,38,198.1262631
663,12,39,207.6623394
664,12,40,129.7512423
665,12,41,225.6283492
666,12,42,607.7107662
667,12,43,639.2557062
668,12,44,97.4112751
669,12,45,223.6368558
670,12,46,434.8389129
671,12,47,105.1260808
672,12,48,351.4491179
673,12,49,277.3741459
674,12,50,215.2645103
675,12,51,93.41851513
676,13,0,209.0722432
677,13,1,202.2289256
678,13,2,217.5943776
679,13,3,211.4889024
680,13,4,280.2687126
681,13,5,182.9876313
682,13,6,168.4759604
683,13,7,176.1888033
684,13,8,396.8826604
685,13,9,516.2239479
686,13,10,194.4374939
687,13,11,211.0503497
688,13,12,459.7479818
689,13,13,469.9307737
690,13,14,468.0726158
691,13,15,489.6991511
692,13,16,475.6977861
693,13,17,347.8774404
694,13,18,348.303496
695,13,19,392.6785781
696,13,20,443.0508065
697,13,21,118.4606364
698,13,22,244.5723642
699,13,23,177.5131361
700,13,24,80.61613687
701,13,25,471.7954458
702,13,26,131.9434523
703,13,27,159.8000422
704,13,28,432.8416623
705,13,29,149.6288076
706,13,30,160.1444085
707,13,31,291.3596728
708,13,32,483.5636673
709,13,33,530.7168137
710,13,34,236.6504857
711,13,35,424.3738663
712,13,36,351.5512982
713,13,37,485.9488465
714,13,38,487.5070221
715,13,39,494.7251299
716,13,40,182.8418453
717,13,41,515.477622
718,13,42,345.7884696
719,13,43,387.6505582
720,13,44,201.6212221
721,13,45,516.873752
722,13,46,140.9080467
723,13,47,194.8586626
724,13,48,175.3951566
725,13,49,86.84893178
726,13,50,510.4418763
727,13,51,224.6147936
728,14,0,132.161827
729,14,1,161.8896686
730,14,2,239.4862645
731,14,3,197.6079743
732,14,4,311.1962618
733,14,5,262.8746138
734,14,6,168.1882984
735,14,7,236.5222967
736,14,8,535.612375
737,14,9,532.9736549
738,14,10,24.97031661
739,14,11,40.18232193
740,14,12,452.9918914
741,14,13,467.3214686
742,14,14,472.2974418
743,14,15,493.2993373
744,14,16,475.3534987
745,14,17,411.9692105
746,14,18,321.6428781
747,14,19,374.6344184
748,14,20,430.6249494
749,14,21,179.7560968
750,14,22,386.1388717
751,14,23,6.93633489
752,14,24,105.062589
753,14,25,474.3776041
754,14,26,217.6485082
755,14,27,20.68922915
756,14,28,428.2697817
757,14,29,77.13501375
758,14,30,256.5141161
759,14,31,319.7649681
760,14,32,484.9099548
761,14,33,553.0501818
762,14,34,347.7279667
763,14,35,408.5546229
764,14,36,412.7965721
765,14,37,498.9582054
766,14,38,498.0727213
767,14,39,501.0537267
768,14,40,287.6744011
769,14,41,524.1088415
770,14,42,472.7028731
771,14,43,520.2714487
772,14,44,262.2924178
773,14,45,531.8907894
774,14,46,251.02987
775,14,47,277.9442842
776,14,48,2.185175991
777,14,49,102.2970227
778,14,50,530.8433904
779,14,51,256.706076
780,15,0,615.7208678
781,15,1,609.7993029
782,15,2,609.031786
783,15,3,615.1637242
784,15,4,655.3523812
785,15,5,548.0479851
786,15,6,573.7401321
787,15,7,557.4764059
788,15,8,14.06776763
789,15,9,870.9289741
790,15,10,568.6249192
791,15,11,562.1351256
792,15,12,837.5802248
793,15,13,844.1595759
794,15,14,837.5559086
795,15,15,857.7482648
796,15,16,847.8524948
797,15,17,680.1216299
798,15,18,744.6583305
799,15,19,782.1203159
800,15,20,825.6805231
801,15,21,517.0812438
802,15,22,163.3393679
803,15,23,549.0563659
804,15,24,481.9999579
805,15,25,842.1614246
806,15,26,513.2171415
807,15,27,537.1788533
808,15,28,811.4880367
809,15,29,550.3647477
810,15,30,520.3809271
811,15,31,666.1246306
812,15,32,853.8271571
813,15,33,878.7945965
814,15,34,200.8431922
815,15,35,810.3122473
816,15,36,686.1307721
817,15,37,846.8229431
818,15,38,850.251343
819,15,39,860.217876
820,15,40,523.5824301
821,15,41,877.2858633
822,15,42,76.05275243
823,15,43,26.88546849
824,15,44,575.0221131
825,15,45,873.0672669
826,15,46,293.1672449
827,15,47,552.6703515
828,15,48,542.5224659
829,15,49,488.9111864
830,15,50,862.37523
831,15,51,609.7716024
832,16,0,31.04562896
833,16,1,62.368382
834,16,2,147.9322512
835,16,3,100.4265114
836,16,4,216.3463398
837,16,5,191.485711
838,16,6,83.50220349
839,16,7,161.0346262
840,16,8,582.4445299
841,16,9,431.8063703
842,16,10,89.4316154
843,16,11,131.9391009
844,16,12,351.1656085
845,16,13,365.5094291
846,16,14,370.64978
847,16,15,391.5794807
848,16,16,373.5670254
849,16,17,321.8124336
850,16,18,219.9536003
851,16,19,272.8657922
852,16,20,328.8433553
853,16,21,124.4156907
854,16,22,429.7092862
855,16,23,95.35507734
856,16,24,110.7722521
857,16,25,372.6664584
858,16,26,160.0921237
859,16,27,88.325821
860,16,28,326.4727667
861,16,29,43.45906665
862,16,30,194.6139081
863,16,31,223.8717542
864,16,32,383.1450638
865,16,33,452.2440815
866,16,34,407.3936155
867,16,35,306.8111628
868,16,36,321.7526911
869,16,37,397.6802788
870,16,38,396.6453935
871,16,39,399.4110298
872,16,40,224.7694211
873,16,41,422.5016794
874,16,42,526.462794
875,16,43,571.0330628
876,16,44,182.3078812
877,16,45,430.6069589
878,16,46,306.7003226
879,16,47,205.6351514
880,16,48,103.7909882
881,16,49,103.9035116
882,16,50,429.9816562
883,16,51,166.510241
884,17,0,362.190652
885,17,1,352.7166588
886,17,2,350.7693758
887,17,3,356.4075838
888,17,4,400.7799423
889,17,5,293.7154135
890,17,6,315.4200755
891,17,7,300.2248206
892,17,8,247.0929754
893,17,9,625.542196
894,17,10,335.7209384
895,17,11,341.32258
896,17,12,583.9464119
897,17,13,591.6928779
898,17,14,586.5834885
899,17,15,607.429984
900,17,16,596.0827254
901,17,17,439.7510024
902,17,18,486.2062141
903,17,19,525.0765415
904,17,20,570.5757742
905,17,21,258.1822816
906,17,22,99.53928003
907,17,23,316.8870297
908,17,24,232.2342972
909,17,25,590.9346754
910,17,26,255.2829676
911,17,27,301.5163784
912,17,28,557.4367892
913,17,29,301.7891381
914,17,30,266.1744331
915,17,31,411.774585
916,17,32,602.7288766
917,17,33,636.0435478
918,17,34,129.9502475
919,17,35,554.2408032
920,17,36,445.0613507
921,17,37,598.9147397
922,17,38,601.7112908
923,17,39,610.8037214
924,17,40,274.2584636
925,17,41,629.3362717
926,17,42,204.9788838
927,17,43,241.2114883
928,17,44,319.5400021
929,17,45,627.1440861
930,17,46,101.6785312
931,17,47,300.1779929
932,17,48,312.384299
933,17,49,238.8571315
934,17,50,617.9434155
935,17,51,352.4877052
936,18,0,369.0068735
937,18,1,370.756577
938,18,2,392.271181
939,18,3,384.6637767
940,18,4,452.9055549
941,18,5,350.5996029
942,18,6,341.1804541
943,18,7,348.6466499
944,18,8,251.4261766
945,18,9,686.7518104
946,18,10,310.0660688
947,18,11,302.8809237
948,18,12,633.9436536
949,18,13,643.7191216
950,18,14,641.1411392
951,18,15,662.6427939
952,18,16,649.2184314
953,18,17,509.6272546
954,18,18,522.74466
955,18,19,567.4893023
956,18,20,617.6466151
957,18,21,293.2568105
958,18,22,109.9702622
959,18,23,290.5141691
960,18,24,235.0327777
961,18,25,645.0253794
962,18,26,303.1975812
963,18,27,279.5946364
964,18,28,607.0433499
965,18,29,299.5742099
966,18,30,324.8371487
967,18,31,464.0560791
968,18,32,656.8340236
969,18,33,699.8623637
970,18,34,64.47411502
971,18,35,599.1287159
972,18,36,514.1667789
973,18,37,657.5450321
974,18,38,659.4826374
975,18,39,667.2551844
976,18,40,340.6716187
977,18,41,687.4509001
978,18,42,187.297668
979,18,43,234.971433
980,18,44,372.5020907
981,18,45,687.7261437
982,18,46,36.24749612
983,18,47,360.3272018
984,18,48,283.6958121
985,18,49,241.9301452
986,18,50,680.304862
987,18,51,398.566867
988,19,0,171.9210235
989,19,1,171.9329598
990,19,2,204.9419756
991,19,3,188.3872347
992,19,4,273.3755948
993,19,5,187.4547485
994,19,6,144.923294
995,19,7,173.0385493
996,19,8,433.9256917
997,19,9,510.1302727
998,19,10,147.8312351
999,19,11,165.6842198
1000,19,12,446.6534698
1001,19,13,458.0666769
1002,19,14,457.994008
1003,19,15,479.7411265
1004,19,16,464.5098199
1005,19,17,352.961868
1006,19,18,327.9958199
1007,19,19,375.5348355
1008,19,20,428.2358078
1009,19,21,108.5529098
1010,19,22,281.1795061
1011,19,23,131.0327375
1012,19,24,37.7705585
1013,19,25,461.3303985
1014,19,26,134.3704325
1015,19,27,113.2119677
1016,19,28,419.902932
1017,19,29,106.9996204
1018,19,30,169.4951538
1019,19,31,284.121927
1020,19,32,472.9276543
1021,19,33,526.3127723
1022,19,34,263.0103813
1023,19,35,408.3834671
1024,19,36,355.8263023
1025,19,37,478.4744645
1026,19,38,479.3902623
1027,19,39,485.5589235
1028,19,40,196.889168
1029,19,41,507.1757199
1030,19,42,378.9268889
1031,19,43,422.8416165
1032,19,44,200.39323
1033,19,45,510.3149481
1034,19,46,162.9033201
1035,19,47,201.2116531
1036,19,48,129.1988239
1037,19,49,44.66194564
1038,19,50,505.2840221
1039,19,51,215.4862979
1040,20,0,254.5885171
1041,20,1,218.0474797
1042,20,2,143.4651
1043,20,3,180.9832011
1044,20,4,72.23669307
1045,20,5,173.52299
1046,20,6,214.1040124
1047,20,7,175.3437488
1048,20,8,704.3787575
1049,20,9,164.8682939
1050,20,10,369.5532565
1051,20,11,411.9969077
1052,20,12,122.0042931
1053,20,13,126.8623487
1054,20,14,120.282463
1055,20,15,141.0689061
1056,20,16,130.315628
1057,20,17,82.50195038
1058,20,18,110.9772537
1059,20,19,97.64274457
1060,20,20,115.8469853
1061,20,21,237.2734688
1062,20,22,565.624924
1063,20,23,372.7687816
1064,20,24,323.6984183
1065,20,25,124.748227
1066,20,26,220.0821114
1067,20,27,361.0371071
1068,20,28,97.90134032
1069,20,29,302.87007
1070,20,30,200.6197233
1071,20,31,61.65014845
1072,20,32,136.4915001
1073,20,33,180.7608532
1074,20,34,580.5528937
1075,20,35,108.5379736
1076,20,36,76.95029384
1077,20,37,134.5701712
1078,20,38,136.505885
1079,20,39,144.762703
1080,20,40,193.9558948
1081,20,41,164.4587249
1082,20,42,670.9731236
1083,20,43,703.5661618
1084,20,44,150.5176909
1085,20,45,165.3811977
1086,20,46,491.1906947
1087,20,47,166.1907872
1088,20,48,380.2140063
1089,20,49,319.1820663
1090,20,50,159.6921143
1091,20,51,130.3951182
1092,21,0,408.5914961
1093,21,1,400.3270068
1094,21,2,399.2048849
1095,21,3,404.7046049
1096,21,4,448.4881873
1097,21,5,341.2594878
1098,21,6,363.5043155
1099,21,7,348.4596795
1100,21,8,198.7773994
1101,21,9,671.4518444
1102,21,10,375.6122864
1103,21,11,377.6692784
1104,21,12,631.5617969
1105,21,13,639.073791
1106,21,14,633.6501056
1107,21,15,654.3736585
1108,21,16,643.322069
1109,21,17,484.1923547
1110,21,18,534.6739791
1111,21,19,573.3328838
1112,21,20,618.4789424
1113,21,21,306.5712539
1114,21,22,52.50941083
1115,21,23,356.4116942
1116,21,24,276.9926887
1117,21,25,638.0575943
1118,21,26,303.6426739
1119,21,27,342.0032288
1120,21,28,605.1248154
1121,21,29,346.4233864
1122,21,30,313.6446081
1123,21,31,459.4418161
1124,21,32,649.8326212
1125,21,33,681.3964059
1126,21,34,103.1806423
1127,21,35,602.3250697
1128,21,36,489.6842614
1129,21,37,645.3396512
1130,21,38,648.2739466
1131,21,39,657.5594682
1132,21,40,320.4497168
1133,21,41,675.7970527
1134,21,42,157.6020868
1135,21,43,192.7616851
1136,21,44,367.3896352
1137,21,45,673.170632
1138,21,46,117.6802241
1139,21,47,347.2692248
1140,21,48,351.2480175
1141,21,49,283.7503133
1142,21,50,663.6384174
1143,21,51,400.7485605
1144,22,0,226.0071719
1145,22,1,238.6133951
1146,22,2,287.1836574
1147,22,3,262.9708342
1148,22,4,357.6346562
1149,22,5,274.8941749
1150,22,6,221.2356411
1151,22,7,259.555054
1152,22,8,410.278506
1153,22,9,593.4782141
1154,22,10,151.0544465
1155,22,11,144.8652782
1156,22,12,525.7164498
1157,22,13,537.9908233
1158,22,14,539.1714198
1159,22,15,560.8870155
1160,22,16,544.8862247
1161,22,17,440.2417859
1162,22,18,401.7856155
1163,22,19,451.7789614
1164,22,20,506.0346512
1165,22,21,194.4478514
1166,22,22,262.734816
1167,22,23,131.5762719
1168,22,24,106.6791368
1169,22,25,542.228891
1170,22,26,221.8195956
1171,22,27,122.1902967
1172,22,28,499.2767056
1173,22,29,154.0582943
1174,22,30,256.7091689
1175,22,31,368.1254513
1176,22,32,553.6460767
1177,22,33,610.468449
1178,22,34,221.4837472
1179,22,35,485.3347931
1180,22,36,443.0046885
1181,22,37,561.1728693
1182,22,38,561.7069123
1183,22,39,567.1964075
1184,22,40,283.4266218
1185,22,41,589.2639227
1186,22,42,346.5461196
1187,22,43,394.3361109
1188,22,44,287.1048241
1189,22,45,593.4093175
1190,22,46,125.6793986
1191,22,47,288.6701366
1192,22,48,124.4726478
1193,22,49,111.9428505
1194,22,50,589.1321617
1195,22,51,299.3888598
1196,23,0,206.789026
1197,23,1,166.5488629
1198,23,2,78.58650612
1199,23,3,128.2048545
1200,23,4,31.15628906
1201,23,5,87.1970876
1202,23,6,148.3657735
1203,23,7,92.68713748
1204,23,8,619.2415917
1205,23,9,249.3731654
1206,23,10,311.9085658
1207,23,11,353.2678877
1208,23,12,205.3561254
1209,23,13,212.0254487
1210,23,14,206.5308149
1211,23,15,227.4605458
1212,23,16,216.1188175
1213,23,17,95.65984993
1214,23,18,141.8772138
1215,23,19,159.2516996
1216,23,20,194.849288
1217,23,21,157.3612581
1218,23,22,479.3881004
1219,23,23,311.5241633
1220,23,24,247.7993087
1221,23,25,210.8811002
1222,23,26,135.5616795
1223,23,27,297.3537013
1224,23,28,179.5225011
1225,23,29,239.3758858
1226,23,30,114.1974994
1227,23,31,38.45191181
1228,23,32,222.6725818
1229,23,33,263.2454184
1230,23,34,494.4044075
1231,23,35,181.9966535
1232,23,36,96.28584809
1233,23,37,220.3925914
1234,23,38,222.6505304
1235,23,39,231.1595829
1236,23,40,109.3048294
1237,23,41,250.5343234
1238,23,42,584.7791685
1239,23,43,617.8801898
1240,23,44,65.97409644
1241,23,45,250.3165357
1242,23,46,406.1166004
1243,23,47,79.94197366
1244,23,48,317.9347907
1245,23,49,244.1226555
1246,23,50,243.1729986
1247,23,51,60.22121382
1248,24,0,300.6177611
1249,24,1,264.3031973
1250,24,2,188.8293687
1251,24,3,227.2681284
1252,24,4,116.6261381
1253,24,5,211.3641922
1254,24,6,259.92105
1255,24,7,216.9665423
1256,24,8,734.6564384
1257,24,9,125.0922877
1258,24,10,415.8238178
1259,24,11,458.2738538
1260,24,12,107.6934381
1261,24,13,106.4331302
1262,24,14,94.24658972
1263,24,15,111.9323022
1264,24,16,106.7267168
1265,24,17,79.43421844
1266,24,18,145.244656
1267,24,19,116.1574309
1268,24,20,111.2804275
1269,24,21,280.3911919
1270,24,22,599.3877726
1271,24,23,419.0464776
1272,24,24,368.2932615
1273,24,25,99.42520391
1274,24,26,260.5436144
1275,24,27,407.2442104
1276,24,28,90.91040149
1277,24,29,349.038043
1278,24,30,237.4658563
1279,24,31,106.6319108
1280,24,32,110.0699911
1281,24,33,138.2486859
1282,24,34,618.1193441
1283,24,35,113.1384298
1284,24,36,72.48058943
1285,24,37,98.78437172
1286,24,38,102.3479844
1287,24,39,112.9450663
1288,24,40,226.5227261
1289,24,41,129.2545407
1290,24,42,704.3679488
1291,24,43,735.1722052
1292,24,44,190.8643277
1293,24,45,126.4669527
1294,24,46,530.9845484
1295,24,47,202.1548196
1296,24,48,426.4745821
1297,24,49,363.9654992
1298,24,50,118.3411131
1299,24,51,174.8268638
1300,25,0,157.8154466
1301,25,1,127.3943565
1302,25,2,95.9997024
1303,25,3,112.919705
1304,25,4,150.7423687
1305,25,5,55.02303477
1306,25,6,84.55126332
1307,25,7,46.5759473
1308,25,8,500.7283033
1309,25,9,385.7755601
1310,25,10,219.9929362
1311,25,11,255.3879521
1312,25,12,332.6177283
1313,25,13,341.8643144
1314,25,14,338.9834714
1315,25,15,360.4786137
1316,25,16,347.18357
1317,25,17,220.716311
1318,25,18,231.6675506
1319,25,19,270.3574551
1320,25,20,317.5296161
1321,25,21,35.98350758
1322,25,22,354.1010819
1323,25,23,212.3757471
1324,25,24,123.2947449
1325,25,25,342.8918461
1326,25,26,2.319799262
1327,25,27,194.6438829
1328,25,28,305.7836638
1329,25,29,145.4724907
1330,25,30,41.29296092
1331,25,31,161.8941672
1332,25,32,354.7067781
1333,25,33,400.1469424
1334,25,34,361.0595976
1335,25,35,300.2443848
1336,25,36,223.7727912
1337,25,37,355.8142648
1338,25,38,357.5592841
1339,25,39,365.1425589
1340,25,40,72.35288993
1341,25,41,385.5387294
1342,25,42,459.166181
1343,25,43,496.1062091
1344,25,44,71.05384747
1345,25,45,386.4988239
1346,25,46,269.9579763
1347,25,47,69.01737302
1348,25,48,216.0912757
1349,25,49,121.820187
1350,25,50,379.8993954
1351,25,51,98.01554966
1352,26,0,212.7522228
1353,26,1,174.9917612
1354,26,2,97.98818508
1355,26,3,137.198974
1356,26,4,27.55044767
1357,26,5,133.6439425
1358,26,6,168.8687045
1359,26,7,131.8306127
1360,26,8,668.1633997
1361,26,9,209.5906706
1362,26,10,326.0932195
1363,26,11,368.4246883
1364,26,12,156.6816163
1365,26,13,164.5179639
1366,26,14,160.8017139
1367,26,15,182.2565008
1368,26,16,169.3562281
1369,26,17,98.14210382
1370,26,18,99.94691392
1371,26,19,109.7493598
1372,26,20,145.0034644
1373,26,21,192.4478254
1374,26,22,526.8466226
1375,26,23,328.6289791
1376,26,24,278.2434172
1377,26,25,164.7919569
1378,26,26,177.201031
1379,26,27,316.4701654
1380,26,28,130.3918889
1381,26,29,258.1891981
1382,26,30,161.2535099
1383,26,31,16.49526666
1384,26,32,176.6193917
1385,26,33,226.069649
1386,26,34,538.8436615
1387,26,35,131.7766519
1388,26,36,95.19345565
1389,26,37,178.3577561
1390,26,38,179.7265929
1391,26,39,186.969756
1392,26,40,159.1395802
1393,26,41,207.6843162
1394,26,42,632.2961852
1395,26,43,666.2670687
1396,26,44,108.5105554
1397,26,45,209.8547827
1398,26,46,448.0458865
1399,26,47,128.4921735
1400,26,48,335.9121019
1401,26,49,273.70128
1402,26,50,204.8180035
1403,26,51,85.11612687
1404,27,0,194.8753319
1405,27,1,156.0742352
1406,27,2,79.21835075
1407,27,3,124.6390421
1408,27,4,94.24968898
1409,27,5,20.0598101
1410,27,6,122.2558259
1411,27,7,45.02123706
1412,27,8,548.9418876
1413,27,9,318.3907929
1414,27,10,281.3298653
1415,27,11,319.9078175
1416,27,12,275.68272
1417,27,13,282.6915817
1418,27,14,277.2454929
1419,27,15,298.1093412
1420,27,16,286.8533791
1421,27,17,145.9422645
1422,27,18,197.0901936
1423,27,19,224.3284107
1424,27,20,264.1405934
1425,27,21,104.6392035
1426,27,22,408.6511484
1427,27,23,276.8138811
1428,27,24,196.5218704
1429,27,25,281.6136722
1430,27,26,73.15315291
1431,27,27,260.3301646
1432,27,28,249.5759516
1433,27,29,205.7588097
1434,27,30,44.12675522
1435,27,31,104.6642861
1436,27,32,293.4006689
1437,27,33,330.9856079
1438,27,34,424.7930829
1439,27,35,249.90709
1440,27,36,149.2733249
1441,27,37,290.3470965
1442,27,38,292.8485441
1443,27,39,301.6351713
1444,27,40,42.08626338
1445,27,41,320.638077
1446,27,42,514.0396744
1447,27,43,547.2854734
1448,27,44,27.33237225
1449,27,45,319.6016479
1450,27,46,338.5561098
1451,27,47,9.249329849
1452,27,48,281.7570493
1453,27,49,194.2617304
1454,27,50,311.6135105
1455,27,51,66.07301036
1456,28,0,487.5537462
1457,28,1,487.5222592
1458,28,2,501.8730717
1459,28,3,498.9589454
1460,28,4,557.7488977
1461,28,5,452.0122914
1462,28,6,455.8353471
1463,28,7,454.675729
1464,28,8,143.6901011
1465,28,9,786.6067587
1466,28,10,427.9780881
1467,28,11,417.9364095
1468,28,12,740.6241192
1469,28,13,749.3135321
1470,28,14,745.2590326
1471,28,15,766.4134482
1472,28,16,754.1934011
1473,28,17,602.3809708
1474,28,18,635.0675948
1475,28,19,677.6252497
1476,28,20,725.7837963
1477,28,21,404.3426421
1478,28,22,76.47894767
1479,28,23,408.4914736
1480,28,24,353.1920278
1481,28,25,749.4309223
1482,28,26,408.9569137
1483,28,27,398.2504917
1484,28,28,713.8552913
1485,28,29,418.6324387
1486,28,30,424.9312044
1487,28,31,568.8707231
1488,28,32,761.2586782
1489,28,33,797.8103154
1490,28,34,55.44781835
1491,28,35,708.2565038
1492,28,36,607.5858958
1493,28,37,759.1250167
1494,28,38,761.632181
1495,28,39,770.266844
1496,28,40,435.6426594
1497,28,41,789.4297028
1498,28,42,72.6503179
1499,28,43,122.204395
1500,28,44,476.3591819
1501,28,45,788.0266994
1502,28,46,155.344547
1503,28,47,459.7791424
1504,28,48,401.3554286
1505,28,49,360.1266877
1506,28,50,779.3163938
1507,28,51,506.1609605
1508,29,0,179.2652865
1509,29,1,151.7817714
1510,29,2,117.6795259
1511,29,3,124.6056801
1512,29,4,93.86995912
1513,29,5,186.1315936
1514,29,6,167.5221593
1515,29,7,170.2242409
1516,29,8,714.4001495
1517,29,9,225.533896
1518,29,10,297.0723185
1519,29,11,339.0899567
1520,29,12,142.0232481
1521,29,13,156.3790624
1522,29,14,162.3536888
1523,29,15,182.8615737
1524,29,16,164.5481035
1525,29,17,179.5720903
1526,29,18,18.37690111
1527,29,19,64.64246732
1528,29,20,120.1467457
1529,29,21,213.5808577
1530,29,22,567.1401667
1531,29,23,304.5136947
1532,29,24,282.1143384
1533,29,25,164.0274812
1534,29,26,213.5393505
1535,29,27,296.5778274
1536,29,28,117.4333011
1537,29,29,241.8961314
1538,29,30,212.300291
1539,29,31,88.5207991
1540,29,32,174.2211196
1541,29,33,247.416685
1542,29,34,568.0594648
1543,29,35,98.56715934
1544,29,36,175.3409439
1545,29,37,191.1499776
1546,29,38,189.367952
1547,29,39,191.0511895
1548,29,40,220.9000127
1549,29,41,214.2485924
1550,29,42,671.7910778
1551,29,43,709.5883599
1552,29,44,157.6852192
1553,29,45,223.8065112
1554,29,46,471.4229319
1555,29,47,187.1907084
1556,29,48,312.9524772
1557,29,49,276.1850353
1558,29,50,225.137633
1559,29,51,118.7453449
1560,30,0,430.6394998
1561,30,1,432.0359356
1562,30,2,450.8120043
1563,30,3,445.1135624
1564,30,4,509.4234307
1565,30,5,405.2873444
1566,30,6,401.7316375
1567,30,7,405.5054263
1568,30,8,197.6433015
1569,30,9,741.3013009
1570,30,10,369.4443149
1571,30,11,359.7413833
1572,30,12,691.4703306
1573,30,13,700.7839472
1574,30,14,697.5570598
1575,30,15,718.9239316
1576,30,16,706.017638
1577,30,17,560.5875898
1578,30,18,582.527839
1579,30,19,626.4230088
1580,30,20,675.7819843
1581,30,21,352.2810933
1582,30,22,80.01298211
1583,30,23,349.957719
1584,30,24,296.6115271
1585,30,25,701.5713937
1586,30,26,359.8082785
1587,30,27,339.7755205
1588,30,28,664.6057991
1589,30,29,361.1431565
1590,30,30,378.7979994
1591,30,31,520.5783411
1592,30,32,713.3983134
1593,30,33,753.5559527
1594,30,34,3.172198852
1595,30,35,657.6667189
1596,30,36,565.4563287
1597,30,37,712.8450601
1598,30,38,715.0400803
1599,30,39,723.2041346
1600,30,40,392.1755742
1601,30,41,742.9573202
1602,30,42,129.4518061
1603,30,43,178.4720133
1604,30,44,428.4079758
1605,30,45,742.4783549
1606,30,46,97.88000118
1607,30,47,414.102197
1608,30,48,342.826277
1609,30,49,303.5167228
1610,30,50,734.4642436
1611,30,51,456.2341613
1612,31,0,300.2648625
1613,31,1,303.4916559
1614,31,2,330.992518
1615,31,3,319.4553918
1616,31,4,394.9645924
1617,31,5,296.8757433
1618,31,6,275.8885594
1619,31,7,290.9539495
1620,31,8,317.3749871
1621,31,9,630.9867107
1622,31,10,242.5823171
1623,31,11,238.5913526
1624,31,12,573.5504547
1625,31,13,584.0690296
1626,31,14,582.5605324
1627,31,15,604.2184478
1628,31,16,589.9901339
1629,31,17,460.3394789
1630,31,18,458.5750026
1631,31,19,504.8121159
1632,31,20,556.2594316
1633,31,21,231.7770731
1634,31,22,169.0074471
1635,31,23,223.0158448
1636,31,24,166.864923
1637,31,25,586.2219599
1638,31,26,246.5874341
1639,31,27,211.29263
1640,31,28,546.660655
1641,31,29,230.4659509
1642,31,30,272.8359405
1643,31,31,406.039098
1644,31,32,597.9679059
1645,31,33,645.368273
1646,31,34,133.5909879
1647,31,35,537.0843289
1648,31,36,464.3326519
1649,31,37,600.7004765
1650,31,38,602.224365
1651,31,39,609.3504103
1652,31,40,292.6671863
1653,31,41,630.1898068
1654,31,42,255.5883441
1655,31,43,302.4381257
1656,31,44,316.313327
1657,31,45,631.6436309
1658,31,46,33.26506201
1659,31,47,308.075813
1660,31,48,216.600434
1661,31,49,173.6995896
1662,31,50,625.163455
1663,31,51,338.912365
1664,32,0,216.7359975
1665,32,1,218.9394156
1666,32,2,250.4675425
1667,32,3,235.6568615
1668,32,4,317.3510189
1669,32,5,225.8451938
1670,32,6,192.1515109
1671,32,7,215.0000894
1672,32,8,392.4763606
1673,32,9,554.2286417
1674,32,10,174.0916322
1675,32,11,181.6725039
1676,32,12,492.768427
1677,32,13,503.8927425
1678,32,14,503.3347269
1679,32,15,525.0676563
1680,32,16,510.165229
1681,32,17,391.6998732
1682,32,18,375.1789266
1683,32,19,422.3691893
1684,32,20,474.7044224
1685,32,21,152.3199626
1686,32,22,240.2304449
1687,32,23,155.2475921
1688,32,24,82.56968998
1689,32,25,506.7845172
1690,32,26,173.2427613
1691,32,27,140.0192953
1692,32,28,465.9565895
1693,32,29,148.5142215
1694,32,30,204.9171224
1695,32,31,328.2525978
1696,32,32,518.4403488
1697,32,33,569.7928741
1698,32,34,216.8353584
1699,32,35,455.0551138
1700,32,36,395.0136502
1701,32,37,523.0222262
1702,32,38,524.150952
1703,32,39,530.6554229
1704,32,40,229.4594516
1705,32,41,552.0219166
1706,32,42,335.0446308
1707,32,43,380.0607618
1708,32,44,241.7150079
1709,32,45,554.5789206
1710,32,46,116.2897086
1711,32,47,238.6563426
1712,32,48,150.9024522
1713,32,49,89.46612482
1714,32,50,549.0330519
1715,32,51,260.0027177
1716,33,0,79.35406254
1717,33,1,44.85029597
1718,33,2,65.14783381
1719,33,3,39.48928524
1720,33,4,137.6402205
1721,33,5,103.8246245
1722,33,6,6.641094442
1723,33,7,72.74230537
1724,33,8,564.7476759
1725,33,9,368.4630353
1726,33,10,170.5450678
1727,33,11,211.5836623
1728,33,12,298.7768286
1729,33,13,311.0036727
1730,33,14,312.4729017
1731,33,15,334.1494862
1732,33,16,317.9460959
1733,33,17,237.3483114
1734,33,18,178.3000596
1735,33,19,226.0234875
1736,33,20,279.4537993
1737,33,21,61.26262776
1738,33,22,414.0120217
1739,33,23,169.7667985
1740,33,24,120.5681243
1741,33,25,315.4208612
1742,33,26,84.1692157
1743,33,27,155.9020115
1744,33,28,272.2935533
1745,33,29,97.70295874
1746,33,30,111.6126769
1747,33,31,146.9519305
1748,33,32,326.7747452
1749,33,33,386.6565195
1750,33,34,408.1692551
1751,33,35,259.1594895
1752,33,36,238.0376249
1753,33,37,335.5055953
1754,33,38,335.6812821
1755,33,39,340.6846951
1756,33,40,139.7457886
1757,33,41,363.0006173
1758,33,42,516.9150039
1759,33,43,557.3628859
1760,33,44,93.09830076
1761,33,45,368.0766615
1762,33,46,310.0867608
1763,33,47,117.3810834
1764,33,48,176.2695168
1765,33,49,115.0575074
1766,33,50,364.8794723
1767,33,51,81.90549379
1768,34,0,310.1930719
1769,34,1,270.2972192
1770,34,2,183.0850092
1771,34,3,231.7100033
1772,34,4,118.2419913
1773,34,5,173.0009869
1774,34,6,252.7552358
1775,34,7,189.8364648
1776,34,8,668.9603146
1777,34,9,191.0824198
1778,34,10,416.4961873
1779,34,11,457.7611574
1780,34,12,190.4973228
1781,34,13,188.6993886
1782,34,14,175.224172
1783,34,15,190.7228046
1784,34,16,188.1997316
1785,34,17,9.394525675
1786,34,18,198.978789
1787,34,19,186.5497544
1788,34,20,192.883863
1789,34,21,254.7913922
1790,34,22,540.2995067
1791,34,23,415.8372885
1792,34,24,346.9145748
1793,34,25,180.503976
1794,34,26,226.0531797
1795,34,27,401.3303772
1796,34,28,172.7100048
1797,34,29,343.6014269
1798,34,30,194.2311404
1799,34,31,114.2382976
1800,34,32,190.36974
1801,34,33,196.548814
1802,34,34,566.9831862
1803,34,35,191.6572903
1804,34,36,13.09530484
1805,34,37,172.7605612
1806,34,38,177.7565923
1807,34,39,189.8016194
1808,34,40,174.4223355
1809,34,41,201.9115737
1810,34,42,643.9075166
1811,34,43,671.5171295
1812,34,44,162.2115835
1813,34,45,193.943181
1814,34,46,486.7376621
1815,34,47,159.922429
1816,34,48,422.0884486
1817,34,49,343.9161749
1818,34,50,181.5315879
1819,34,51,164.8319744
1820,35,0,334.2984187
1821,35,1,336.309575
1822,35,2,359.7752275
1823,35,3,350.8130701
1824,35,4,421.7288629
1825,35,5,320.9363848
1826,35,6,307.2805651
1827,35,7,317.4325964
1828,35,8,283.1444506
1829,35,9,656.605615
1830,35,10,277.0445689
1831,35,11,271.7538091
1832,35,12,601.9225405
1833,35,13,611.9910919
1834,35,14,609.8342125
1835,35,15,631.4072629
1836,35,16,617.6584008
1837,35,17,482.0543058
1838,35,18,489.2919876
1839,35,19,534.5831706
1840,35,20,585.2388036
1841,35,21,260.5656933
1842,35,22,136.5649584
1843,35,23,257.475685
1844,35,24,200.3716789
1845,35,25,613.631656
1846,35,26,272.3006433
1847,35,27,246.0068943
1848,35,28,575.0157584
1849,35,29,264.9116293
1850,35,30,295.797499
1851,35,31,432.8600541
1852,35,32,625.4203249
1853,35,33,670.2487778
1854,35,34,99.17875094
1855,35,35,566.4672834
1856,35,36,486.3677567
1857,35,37,626.9435461
1858,35,38,628.7143516
1859,35,39,636.2296831
1860,35,40,313.3098736
1861,35,41,656.6938037
1862,35,42,220.7896463
1863,35,43,267.8026319
1864,35,44,341.9084006
1865,35,45,657.4499635
1866,35,46,1.570285795
1867,35,47,331.2763991
1868,35,48,250.9096218
1869,35,49,207.2618807
1870,35,50,650.4128669
1871,35,51,366.6782544
1872,36,0,167.2481652
1873,36,1,155.4382514
1874,36,2,167.7736251
1875,36,3,161.976862
1876,36,4,231.982027
1877,36,5,139.5080973
1878,36,6,119.4239144
1879,36,7,128.7145423
1880,36,8,443.4049024
1881,36,9,468.6034265
1882,36,10,177.5725008
1883,36,11,203.2928956
1884,36,12,410.1984534
1885,36,13,420.6294006
1886,36,14,419.1875191
1887,36,15,440.8644042
1888,36,16,426.5500625
1889,36,17,305.43022
1890,36,18,298.1960786
1891,36,19,342.6004819
1892,36,20,393.2224498
1893,36,21,68.51444295
1894,36,22,291.9175252
1895,36,23,163.8696278
1896,36,24,59.2963395
1897,36,25,422.816479
1898,36,26,86.68229094
1899,36,27,145.0463373
1900,36,28,383.2995339
1901,36,29,117.7429223
1902,36,30,119.9325632
1903,36,31,242.996353
1904,36,32,434.5528678
1905,36,33,483.7426518
1906,36,34,286.7514659
1907,36,35,374.4004675
1908,36,36,308.6179863
1909,36,37,437.8328405
1910,36,38,439.1914537
1911,36,39,446.1088931
1912,36,40,146.6980121
1913,36,41,467.1310785
1914,36,42,394.3862468
1915,36,43,435.2643162
1916,36,44,155.177315
1917,36,45,469.091429
1918,36,46,190.7438619
1919,36,47,152.6886322
1920,36,48,164.3434205
1921,36,49,62.48131639
1922,36,50,463.1578835
1923,36,51,175.4993823
1924,37,0,380.2536026
1925,37,1,377.4429083
1926,37,2,389.1443501
1927,37,3,387.1990736
1928,37,4,445.3880055
1929,37,5,340.1865485
1930,37,6,344.3415904
1931,37,7,342.0638506
1932,37,8,227.5083038
1933,37,9,675.6721491
1934,37,10,333.2881248
1935,37,11,330.7006258
1936,37,12,628.09318
1937,37,13,636.948085
1938,37,14,633.1708853
1939,37,15,654.412692
1940,37,16,641.9399546
1941,37,17,493.7716964
1942,37,18,522.5700235
1943,37,19,564.8904039
1944,37,20,613.0996418
1945,37,21,291.8373706
1946,37,22,76.96186906
1947,37,23,313.7738213
1948,37,24,245.8994824
1949,37,25,637.2858107
1950,37,26,296.3281269
1951,37,27,301.0284101
1952,37,28,601.2983915
1953,37,29,313.6273206
1954,37,30,313.358487
1955,37,31,456.5242833
1956,37,32,649.1161784
1957,37,33,687.5137703
1958,37,34,68.64364469
1959,37,35,595.5204058
1960,37,36,498.71753
1961,37,37,647.6629405
1962,37,38,650.0197993
1963,37,39,658.443983
1964,37,40,325.6818729
1965,37,41,677.8821566
1966,37,42,170.6705557
1967,37,43,214.8142721
1968,37,44,364.0755217
1969,37,45,676.956519
1970,37,46,62.20710508
1971,37,47,348.4743336
1972,37,48,307.7339592
1973,37,49,252.8437614
1974,37,50,668.6443836
1975,37,51,393.4546532
1976,38,0,264.3028878
1977,38,1,271.3690088
1978,38,2,308.0492251
1979,38,3,290.9671959
1980,38,4,375.3660553
1981,38,5,283.2532358
1982,38,6,247.7428097
1983,38,7,273.0313348
1984,38,8,360.5428858
1985,38,9,612.2524331
1986,38,10,199.7662199
1987,38,11,194.953569
1988,38,12,550.0238324
1989,38,13,561.3558036
1990,38,14,561.0491851
1991,38,15,582.7900732
1992,38,16,567.7291294
1993,38,17,448.905126
1994,38,18,430.7261939
1995,38,19,478.77339
1996,38,20,531.6196539
1997,38,21,210.2868134
1998,38,22,212.6452262
1999,38,23,180.2027621
2000,38,24,134.3176287
2001,38,25,564.4493916
2002,38,26,230.9255747
2003,38,27,169.2600415
2004,38,28,523.2589778
2005,38,29,193.1390694
2006,38,30,261.5407641
2007,38,31,386.2507633
2008,38,32,576.078537
2009,38,33,627.8514186
2010,38,34,173.6711797
2011,38,35,511.712736
2012,38,36,452.3563429
2013,38,37,580.9761879
2014,38,38,582.0577357
2015,38,39,588.4648382
2016,38,40,284.8308302
2017,38,41,609.909011
2018,38,42,297.6634808
2019,38,43,345.0529912
2020,38,44,299.6691916
2021,38,45,612.5825117
2022,38,46,75.85653462
2023,38,47,295.7616379
2024,38,48,173.5377909
2025,38,49,140.7920819
2026,38,50,607.0836495
2027,38,51,317.9164966
2028,39,0,233.3587048
2029,39,1,193.3394336
2030,39,2,107.7915215
2031,39,3,158.1919427
2032,39,4,87.38644681
2033,39,5,66.12679236
2034,39,6,164.0104249
2035,39,7,89.62429689
2036,39,8,573.8943121
2037,39,9,285.2932931
2038,39,10,325.8279497
2039,39,11,365.0525458
2040,39,12,254.1959012
2041,39,13,258.855888
2042,39,14,250.9208164
2043,39,15,270.7362472
2044,39,16,261.7732913
2045,39,17,103.1005422
2046,39,18,198.0730571
2047,39,19,214.5466438
2048,39,20,246.3081715
2049,39,21,151.0892769
2050,39,22,438.655999
2051,39,23,322.0699478
2052,39,24,242.9391556
2053,39,25,255.6751904
2054,39,26,118.8128255
2055,39,27,305.9021377
2056,39,28,229.5165496
2057,39,29,250.5005972
2058,39,30,85.11581046
2059,39,31,94.73140631
2060,39,32,267.2042584
2061,39,33,295.6848174
2062,39,34,460.5254236
2063,39,35,235.3071113
2064,39,36,107.3202317
2065,39,37,259.77829
2066,39,38,263.074351
2067,39,39,273.0135893
2068,39,40,66.66236829
2069,39,41,290.2624971
2070,39,42,543.4712349
2071,39,43,574.1435788
2072,39,44,65.06157696
2073,39,45,287.0444741
2074,39,46,378.0401176
2075,39,47,51.84203425
2076,39,48,327.2623533
2077,39,49,240.7127226
2078,39,50,277.5411291
2079,39,51,89.97074156
2080,40,0,90.90400467
2081,40,1,80.39740569
2082,40,2,120.1171401
2083,40,3,95.77827956
2084,40,4,192.196088
2085,40,5,131.3094176
2086,40,6,52.87563244
2087,40,7,105.6836191
2088,40,8,518.7254262
2089,40,9,425.902185
2090,40,10,134.339085
2091,40,11,171.138538
2092,40,12,357.2141941
2093,40,13,369.402495
2094,40,14,370.6733371
2095,40,15,392.3733573
2096,40,16,376.2968956
2097,40,17,285.2064918
2098,40,18,235.5376785
2099,40,19,284.1469716
2100,40,20,337.8320171
2101,40,21,49.98362132
2102,40,22,366.5399527
2103,40,23,127.9666034
2104,40,24,62.14043058
2105,40,25,373.6839453
2106,40,26,88.2057311
2107,40,27,111.0938894
2108,40,28,330.7218129
2109,40,29,59.55820838
2110,40,30,126.3219691
2111,40,31,202.1750923
2112,40,32,385.0774055
2113,40,33,443.6082345
2114,40,34,354.8252274
2115,40,35,317.4259153
2116,40,36,286.7628717
2117,40,37,393.2142308
2118,40,38,393.553224
2119,40,39,398.7907036
2120,40,40,157.5594275
2121,40,41,420.9898944
2122,40,42,467.4401356
2123,40,43,509.6219794
2124,40,44,132.3405722
2125,40,45,425.6514918
2126,40,46,255.4127802
2127,40,47,146.3811606
2128,40,48,132.5613895
2129,40,49,56.65070503
2130,40,50,421.9964695
2131,40,51,134.3217463
2132,41,0,249.9981572
2133,41,1,221.3609581
2134,41,2,172.9557032
2135,41,3,191.3622857
2136,41,4,120.9637289
2137,41,5,227.6150796
2138,41,6,232.7246792
2139,41,7,219.544456
2140,41,8,762.7179786
2141,41,9,155.8356578
2142,41,10,367.8406147
2143,41,11,409.8695591
2144,41,12,72.11660047
2145,41,13,85.80301919
2146,41,14,91.74559737
2147,41,15,112.0880836
2148,41,16,93.8195529
2149,41,17,161.0206657
2150,41,18,63.92672368
2151,41,19,19.97435428
2152,41,20,52.60605433
2153,41,21,272.1663534
2154,41,22,618.9534114
2155,41,23,375.1090882
2156,41,24,347.6810591
2157,41,25,93.27667089
2158,41,26,265.0810795
2159,41,27,366.8214775
2160,41,28,46.71872616
2161,41,29,311.433017
2162,41,30,255.222166
2163,41,31,110.7451949
2164,41,32,103.4532148
2165,41,33,178.4305982
2166,41,34,625.7487604
2167,41,35,34.84164549
2168,41,36,154.9392307
2169,41,37,121.5283444
2170,41,38,119.2598259
2171,41,39,120.3679408
2172,41,40,256.080202
2173,41,41,143.5790684
2174,41,42,724.2791
2175,41,43,759.8033824
2176,41,44,200.4527008
2177,41,45,153.8124065
2178,41,46,531.4068249
2179,41,47,224.3650506
2180,41,48,383.4918372
2181,41,49,342.0798673
2182,41,50,156.3353221
2183,41,51,167.6829614
2184,41.5,0,249.9981572
2185,41.5,1,221.3609581
2186,41.5,2,172.9557032
2187,41.5,3,191.3622857
2188,41.5,4,120.9637289
2189,41.5,5,227.6150796
2190,41.5,6,232.7246792
2191,41.5,7,219.544456
2192,41.5,8,762.7179786
2193,41.5,9,155.8356578
2194,41.5,10,367.8406147
2195,41.5,11,409.8695591
2196,41.5,12,72.11660047
2197,41.5,13,85.80301919
2198,41.5,14,91.74559737
2199,41.5,15,112.0880836
2200,41.5,16,93.8195529
2201,41.5,17,161.0206657
2202,41.5,18,63.92672368
2203,41.5,19,19.97435428
2204,41.5,20,52.60605433
2205,41.5,21,272.1663534
2206,41.5,22,618.9534114
2207,41.5,23,375.1090882
2208,41.5,24,347.6810591
2209,41.5,25,93.27667089
2210,41.5,26,265.0810795
2211,41.5,27,366.8214775
2212,41.5,28,46.71872616
2213,41.5,29,311.433017
2214,41.5,30,255.222166
2215,41.5,31,110.7451949
2216,41.5,32,103.4532148
2217,41.5,33,178.4305982
2218,41.5,34,625.7487604
2219,41.5,35,34.84164549
2220,41.5,36,154.9392307
2221,41.5,37,121.5283444
2222,41.5,38,119.2598259
2223,41.5,39,120.3679408
2224,41.5,40,256.080202
2225,41.5,41,143.5790684
2226,41.5,42,724.2791
2227,41.5,43,759.8033824
2228,41.5,44,200.4527008
2229,41.5,45,153.8124065
2230,41.5,46,531.4068249
2231,41.5,47,224.3650506
2232,41.5,48,383.4918372
2233,41.5,49,342.0798673
2234,41.5,50,156.3353221
2235,41.5,51,167.6829614
2236,42,0,407.7005098
2237,42,1,374.7536784
2238,42,2,306.7787617
2239,42,3,339.9765074
2240,42,4,236.0996616
2241,42,5,332.6415831
2242,42,6,376.2428352
2243,42,7,338.1716406
2244,42,8,849.6849889
2245,42,9,18.00231919
2246,42,10,525.2584892
2247,42,11,567.7009505
2248,42,12,107.8930517
2249,42,13,91.80106322
2250,42,14,76.66543556
2251,42,15,65.12769791
2252,42,16,82.83228751
2253,42,17,183.3007387
2254,42,18,227.3750287
2255,42,19,177.9184354
2256,42,20,131.320679
2257,42,21,400.9935953
2258,42,22,717.8146264
2259,42,23,530.5344114
2260,42,24,487.3674836
2261,42,25,77.98866307
2262,42,26,381.9709259
2263,42,27,520.2509566
2264,42,28,121.4062217
2265,42,29,462.7775826
2266,42,30,358.4518271
2267,42,31,225.4913446
2268,42,32,74.20702306
2269,42,33,16.89436516
2270,42,34,738.8334051
2271,42,35,150.8540702
2272,42,36,177.1711153
2273,42,37,43.68366563
2274,42,38,48.32972318
2275,42,39,55.30901509
2276,42,40,345.8225456
2277,42,41,42.39791468
2278,42,42,822.3189502
2279,42,43,851.4965009
2280,42,44,312.2681647
2281,42,45,23.18307635
2282,42,46,652.3786967
2283,42,47,323.0206324
2284,42,48,538.4534424
2285,42,49,482.7291652
2286,42,50,8.446839641
2287,42,51,294.2501983
2288,43,0,406.7350481
2289,43,1,370.9495722
2290,43,2,295.054744
2291,43,3,334.0883275
2292,43,4,222.5161022
2293,43,5,309.0971342
2294,43,6,366.4589919
2295,43,7,319.0690981
2296,43,8,813.0567809
2297,43,9,69.24567895
2298,43,10,522.4932359
2299,43,11,564.9673962
2300,43,12,139.5851859
2301,43,13,125.8555558
2302,43,14,107.8762858
2303,43,15,105.2624126
2304,43,16,118.4041814
2305,43,17,148.8801336
2306,43,18,238.7506588
2307,43,19,195.4117351
2308,43,20,159.4639481
2309,43,21,383.719396
2310,43,22,685.3037629
2311,43,23,525.8805372
2312,43,24,473.2297688
2313,43,25,111.293674
2314,43,26,360.6404656
2315,43,27,514.0811206
2316,43,28,144.3120075
2317,43,29,455.8542958
2318,43,30,333.2787654
2319,43,31,212.9501402
2320,43,32,112.3405372
2321,43,33,60.58682906
2322,43,34,710.7661284
2323,43,35,174.9672702
2324,43,36,143.7308695
2325,43,37,79.06913405
2326,43,38,85.77409235
2327,43,39,97.13931574
2328,43,40,316.9988033
2329,43,41,91.82582449
2330,43,42,788.8976794
2331,43,43,816.1216644
2332,43,44,291.9693787
2333,43,45,74.2129833
2334,43,46,627.9220155
2335,43,47,297.8850203
2336,43,48,533.3219026
2337,43,49,469.1612831
2338,43,50,57.72632522
2339,43,51,280.2774563
2340,44,0,164.2488361
2341,44,1,193.7650802
2342,44,2,269.85193
2343,44,3,229.0749602
2344,44,4,341.9079849
2345,44,5,289.1167639
2346,44,6,198.2271967
2347,44,7,263.9550075
2348,44,8,523.9323752
2349,44,9,564.9216352
2350,44,10,51.04979506
2351,44,11,30.73200419
2352,44,12,485.1139979
2353,44,13,499.4376821
2354,44,14,504.3701331
2355,44,15,525.3900805
2356,44,16,507.462327
2357,44,17,441.4039028
2358,44,18,353.7437196
2359,44,19,406.7479939
2360,44,20,462.740338
2361,44,21,204.6643306
2362,44,22,376.9287454
2363,44,23,38.70948063
2364,44,24,122.1579175
2365,44,25,506.4664587
2366,44,26,241.836832
2367,44,27,48.99263635
2368,44,28,460.3818889
2369,44,29,107.3508073
2370,44,30,280.8139936
2371,44,31,350.6699602
2372,44,32,517.0127964
2373,44,33,584.9046333
2374,44,34,333.0288296
2375,44,35,440.6631125
2376,44,36,442.4354065
2377,44,37,530.9369673
2378,44,38,530.0888151
2379,44,39,533.1242391
2380,44,40,311.7144792
2381,44,41,556.1694418
2382,44,42,458.9879536
2383,44,43,507.3040164
2384,44,44,290.3035009
2385,44,45,563.8683391
2386,44,46,239.6907236
2387,44,47,304.1942332
2388,44,48,30.17312931
2389,44,49,120.9753104
2390,44,50,562.7148029
2391,44,51,286.7276026
2392,45,0,549.9163472
2393,45,1,545.8965066
2394,45,2,550.4174361
2395,45,3,553.3468716
2396,45,4,600.4948543
2397,45,5,493.2483521
2398,45,6,511.1996234
2399,45,7,500.2166298
2400,45,8,64.68034306
2401,45,9,822.0288298
2402,45,10,499.2173484
2403,45,11,491.9921708
2404,45,12,783.5486716
2405,45,13,790.9734368
2406,45,14,785.3617069
2407,45,15,805.9888097
2408,45,16,795.1445515
2409,45,17,633.2193979
2410,45,18,685.5817285
2411,45,19,725.0449242
2412,45,20,770.4747123
2413,45,21,456.070222
2414,45,22,100.7408609
2415,45,23,479.6507611
2416,45,24,415.6494403
2417,45,25,789.8070546
2418,45,26,455.1733907
2419,45,27,468.1540584
2420,45,28,757.1264469
2421,45,29,483.3331734
2422,45,30,465.6210445
2423,45,31,611.4440921
2424,45,32,801.5667236
2425,45,33,831.2791579
2426,45,34,130.4130276
2427,45,35,754.2367501
2428,45,36,638.9297985
2429,45,37,796.4921909
2430,45,38,799.5594051
2431,45,39,809.0177465
2432,45,40,471.6993488
2433,45,41,826.9708298
2434,45,42,13.76516762
2435,45,43,45.59352205
2436,45,44,519.3899989
2437,45,45,823.880816
2438,45,46,223.7769353
2439,45,47,499.0900943
2440,45,48,472.9737114
2441,45,49,422.5904942
2442,45,50,813.9665151
2443,45,51,552.463265
2444,46,0,207.6771596
2445,46,1,174.3598696
2446,46,2,115.5061897
2447,46,3,140.4553086
2448,46,4,63.76011668
2449,46,5,169.1174036
2450,46,6,179.3288233
2451,46,7,160.7210647
2452,46,8,704.0010116
2453,46,9,196.9758427
2454,46,10,324.9281061
2455,46,11,367.4032527
2456,46,12,127.0832296
2457,46,13,138.2131768
2458,46,14,139.1430322
2459,46,15,160.8134798
2460,46,16,144.8205353
2461,46,17,133.5062311
2462,46,18,57.31639207
2463,46,19,66.9241793
2464,46,20,110.6223708
2465,46,21,214.7128084
2466,46,22,560.0748773
2467,46,23,330.1130946
2468,46,24,293.5064727
2469,46,25,142.0984454
2470,46,26,206.3174395
2471,46,27,320.0754779
2472,46,28,100.2145507
2473,46,29,262.9930375
2474,46,30,196.6519796
2475,46,31,54.58227237
2476,46,32,153.5036945
2477,46,33,216.8069685
2478,46,34,567.4116874
2479,46,35,93.66647933
2480,46,36,129.0422503
2481,46,37,163.2757488
2482,46,38,162.9524764
2483,46,39,167.4401751
2484,46,40,198.9084717
2485,46,41,189.9425929
2486,46,42,665.4044065
2487,46,43,700.9634905
2488,46,44,141.7162995
2489,46,45,196.1378127
2490,46,46,473.7243423
2491,46,47,166.5444456
2492,46,48,338.0703543
2493,46,49,288.2251558
2494,46,50,194.5995725
2495,46,51,109.0444737
2496,47,0,83.71908873
2497,47,1,44.59274565
2498,47,2,48.39780153
2499,47,3,8.105876046
2500,47,4,109.9740289
2501,47,5,118.3965863
2502,47,6,51.40020982
2503,47,7,89.16217
2504,47,8,610.1792685
2505,47,9,329.5139276
2506,47,10,195.7160436
2507,47,11,238.1221029
2508,47,12,255.3379005
2509,47,13,268.2836217
2510,47,14,271.0684694
2511,47,15,292.557339
2512,47,16,275.6331853
2513,47,17,217.2566982
2514,47,18,131.7667909
2515,47,19,180.723193
2516,47,20,235.0927247
2517,47,21,104.9734821
2518,47,22,460.0168205
2519,47,23,199.0232225
2520,47,24,165.585401
2521,47,25,273.6771352
2522,47,26,118.4057113
2523,47,27,187.989803
2524,47,28,229.2551996
2525,47,29,130.470348
2526,47,30,135.2607367
2527,47,31,117.1056121
2528,47,32,284.7642764
2529,47,33,348.8923057
2530,47,34,455.182816
2531,47,35,214.264583
2532,47,36,216.6518171
2533,47,37,295.8919439
2534,47,38,295.5250596
2535,47,39,299.6176616
2536,47,40,157.8376448
2537,47,41,322.3281733
2538,47,42,563.3181481
2539,47,43,603.3056128
2540,47,44,97.22932926
2541,47,45,328.7416399
2542,47,46,357.0984168
2543,47,47,128.4178682
2544,47,48,206.6374731
2545,47,49,159.6677375
2546,47,50,326.7998616
2547,47,51,66.89739578
2548,48,0,131.7106455
2549,48,1,96.12610327
2550,48,2,51.13532511
2551,48,3,61.62302707
2552,48,4,68.34111929
2553,48,5,125.8631544
2554,48,6,101.9632325
2555,48,7,105.2279355
2556,48,8,647.0304111
2557,48,9,275.8193256
2558,48,10,247.4945136
2559,48,11,290.0005784
2560,48,12,202.5467032
2561,48,13,215.0907038
2562,48,14,217.4504829
2563,48,15,238.9895511
2564,48,16,222.2735162
2565,48,17,176.6961583
2566,48,18,85.71812377
2567,48,19,130.1275081
2568,48,20,183.0898649
2569,48,21,145.2680018
2570,48,22,499.1695573
2571,48,23,251.851945
2572,48,24,216.9162163
2573,48,25,220.137523
2574,48,26,146.6055983
2575,48,27,241.3851105
2576,48,28,176.2006519
2577,48,29,184.130931
2578,48,30,149.963524
2579,48,31,72.02596047
2580,48,32,231.3062642
2581,48,33,295.3660694
2582,48,34,499.8096154
2583,48,35,162.9356745
2584,48,36,174.8788544
2585,48,37,242.1570494
2586,48,38,241.7837696
2587,48,39,245.952736
2588,48,40,163.7560337
2589,48,41,268.6210553
2590,48,42,603.6782186
2591,48,43,641.8156251
2592,48,44,98.20376293
2593,48,45,275.0159777
2594,48,46,403.4830077
2595,48,47,130.2825213
2596,48,48,259.6644694
2597,48,49,211.3192567
2598,48,50,273.2292497
2599,48,51,57.55602596
2600,49,0,295.6230799
2601,49,1,264.9419865
2602,49,2,207.1506533
2603,49,3,232.568532
2604,49,4,144.3601561
2605,49,5,250.8735428
2606,49,6,272.0347652
2607,49,7,248.1553089
2608,49,8,784.4041554
2609,49,9,107.9570768
2610,49,10,413.539831
2611,49,11,455.7865479
2612,49,12,40.86855415
2613,49,13,47.20933571
2614,49,14,46.47620458
2615,49,15,68.09705309
2616,49,16,52.64705082
2617,49,17,148.5712109
2618,49,18,112.3646413
2619,49,19,64.42804608
2620,49,20,40.28564713
2621,49,21,305.7667043
2622,49,22,644.0556994
2623,49,23,419.9925291
2624,49,24,386.1843851
2625,49,25,49.39173371
2626,49,26,293.8208836
2627,49,27,410.8738379
2628,49,28,19.89718273
2629,49,29,354.4844644
2630,49,30,278.4184673
2631,49,31,133.2336361
2632,49,32,60.90331214
2633,49,33,130.1020254
2634,49,34,655.7323737
2635,49,35,46.30919728
2636,49,36,141.7456755
2637,49,37,73.57262575
2638,49,38,71.96183539
2639,49,39,75.01790135
2640,49,40,274.1145617
2641,49,41,97.8842557
2642,49,42,749.4979733
2643,49,43,783.0329016
2644,49,44,225.7537564
2645,49,45,106.2738378
2646,49,46,563.7963658
2647,49,47,244.9930674
2648,49,48,428.1988143
2649,49,49,380.9338999
2650,49,50,107.9202316
2651,49,51,198.46191
2652,50,0,171.7035507
2653,50,1,137.2606247
2654,50,2,86.32020052
2655,50,3,115.3914132
2656,50,4,130.4394151
2657,50,5,28.08924211
2658,50,6,96.5076285
2659,50,7,32.09255513
2660,50,8,514.4896525
2661,50,9,362.6974042
2662,50,10,243.5433782
2663,50,11,280.1149837
2664,50,12,313.5556877
2665,50,13,321.9763102
2666,50,14,318.0982268
2667,50,15,339.3921092
2668,50,16,326.8633046
2669,50,17,194.0043847
2670,50,18,220.0993965
2671,50,19,255.0260146
2672,50,20,299.7456619
2673,50,21,60.67562931
2674,50,22,370.3630588
2675,50,23,236.9727966
2676,50,24,150.47716
2677,50,25,322.1942902
2678,50,26,25.3364858
2679,50,27,219.6140487
2680,50,28,286.9030381
2681,50,29,168.2490752
2682,50,30,18.74491699
2683,50,31,141.543709
2684,50,32,334.0247782
2685,50,33,376.3240185
2686,50,34,381.6019381
2687,50,35,283.5140042
2688,50,36,197.2559168
2689,50,37,333.4852762
2690,50,38,335.5377294
2691,50,39,343.6145392
2692,50,40,48.94739823
2693,50,41,363.4832148
2694,50,42,475.7590242
2695,50,43,511.1335348
2696,50,44,49.01424688
2697,50,45,363.6250328
2698,50,46,292.8376048
2699,50,47,41.64473074
2700,50,48,241.1117703
2701,50,49,148.7916122
2702,50,50,356.4348905
2703,50,51,83.22112096
2704,51,0,222.2181977
2705,51,1,185.6954513
2706,51,2,117.5469611
2707,51,3,158.4671986
2708,51,4,133.1614739
2709,51,5,41.20125309
2710,51,6,147.1938022
2711,51,7,71.72905744
2712,51,8,513.7856005
2713,51,9,347.2105362
2714,51,10,296.3600197
2715,51,11,332.3803633
2716,51,12,311.4619882
2717,51,13,317.3815002
2718,51,14,310.5957669
2719,51,15,330.8986773
2720,51,16,320.9115792
2721,51,17,164.1743138
2722,51,18,238.0594894
2723,51,19,263.7964328
2724,51,20,301.3669162
2725,51,21,112.6633265
2726,51,22,376.8263168
2727,51,23,289.3106686
2728,51,24,198.7432891
2729,51,25,315.1916102
2730,51,26,74.78555012
2731,51,27,271.6895736
2732,51,28,285.8802724
2733,51,29,221.2100261
2734,51,30,35.85337248
2735,51,31,143.0232085
2736,51,32,326.8630328
2737,51,33,357.888535
2738,51,34,398.4231971
2739,51,35,288.1775238
2740,51,36,168.8288419
2741,51,37,321.0466205
2742,51,38,324.1004044
2743,51,39,333.6600861
2744,51,40,5.299247046
2745,51,41,351.520071
2746,51,42,481.824556
2747,51,43,513.2894127
2748,51,44,65.91005144
2749,51,45,348.8565488
2750,51,46,317.2827002
2751,51,47,33.49243667
2752,51,48,293.1531241
2753,51,49,197.8943044
2754,51,50,339.6104241
2755,51,51,106.2877015
2756,52,0,154.3782735
2757,52,1,114.0146711
2758,52,2,25.83266288
2759,52,3,75.97871622
2760,52,4,49.49984351
2761,52,5,72.6705867
2762,52,6,96.77455551
2763,52,7,59.32433437
2764,52,8,603.8398014
2765,52,9,285.9594032
2766,52,10,259.5203625
2767,52,11,301.0987091
2768,52,12,227.3914157
2769,52,13,237.1411842
2770,52,14,235.2997584
2771,52,15,256.9706474
2772,52,16,242.8315611
2773,52,17,148.2100531
2774,52,18,131.9300657
2775,52,19,165.7288292
2776,52,20,212.013218
2777,52,21,116.2693276
2778,52,22,458.8950757
2779,52,23,259.6964458
2780,52,24,202.253111
2781,52,25,238.9617338
2782,52,26,104.8677353
2783,52,27,246.0354927
2784,52,28,200.5116132
2785,52,29,187.798773
2786,52,30,98.79681245
2787,52,31,60.01580969
2788,52,32,250.7165886
2789,52,33,302.390145
2790,52,34,466.2831575
2791,52,35,194.8888744
2792,52,36,148.466184
2793,52,37,254.4551571
2794,52,38,255.5731275
2795,52,39,262.2590467
2796,52,40,108.9775227
2797,52,41,283.4611265
2798,52,42,564.1542054
2799,52,43,600.2095843
2800,52,44,44.25509995
2801,52,45,286.1631811
2802,52,46,373.5999118
2803,52,47,75.23413526
2804,52,48,266.3393566
2805,52,49,197.9096079
2806,52,50,281.2032794
2807,52,51,8.771525473
2808,54,0,217.1532155
2809,54,1,189.485346
2810,54,2,147.7999731
2811,54,3,161.0215773
2812,54,4,106.7069342
2813,54,5,209.2988228
2814,54,6,203.2859813
2815,54,7,197.5553576
2816,54,8,742.4615506
2817,54,9,188.9452573
2818,54,10,334.9042058
2819,54,11,376.8585469
2820,54,12,104.0901098
2821,54,13,118.4878708
2822,54,14,124.9811487
2823,54,15,145.2098817
2824,54,16,126.7328093
2825,54,17,169.851882
2826,54,18,31.36656507
2827,54,19,28.19541808
2828,54,20,82.47702774
2829,54,21,246.1181412
2830,54,22,596.8423737
2831,54,23,342.4448831
2832,54,24,318.2210806
2833,54,25,126.447912
2834,54,26,242.365612
2835,54,27,334.4908348
2836,54,28,79.64117823
2837,54,29,279.6197364
2838,54,30,236.4750684
2839,54,31,98.12592354
2840,54,32,136.4589804
2841,54,33,211.3425863
2842,54,34,600.6520773
2843,54,35,61.34869747
2844,54,36,164.5502831
2845,54,37,154.5977048
2846,54,38,152.4523577
2847,54,39,153.5794017
2848,54,40,240.9354884
2849,54,41,176.7924492
2850,54,42,701.900993
2851,54,43,738.5935359
2852,54,44,181.2478989
2853,54,45,186.9916957
2854,54,46,505.0577505
2855,54,47,207.9957329
2856,54,48,350.8886913
2857,54,49,312.435813
2858,54,50,189.1703964
2859,54,51,145.2453597
2860,55,0,591.2462395
2861,55,1,586.865848
2862,55,2,589.8699422
2863,55,3,593.7888411
2864,55,4,638.6397004
2865,55,5,531.2955758
2866,55,6,551.824053
2867,55,7,539.1730936
2868,55,8,34.08103915
2869,55,9,857.9329678
2870,55,10,540.4602608
2871,55,11,532.7333961
2872,55,12,821.4683381
2873,55,13,828.5748196
2874,55,14,822.5766771
2875,55,15,843.0413395
2876,55,16,832.5633472
2877,55,17,668.170391
2878,55,18,725.2400363
2879,55,19,764.046193
2880,55,20,808.8252977
2881,55,21,496.2359081
2882,55,22,140.7162939
2883,55,23,520.8971746
2884,55,24,457.0358989
2885,55,25,827.0863849
2886,55,26,494.3717204
2887,55,27,509.5171675
2888,55,28,795.1599589
2889,55,29,524.7942529
2890,55,30,503.6280853
2891,55,31,649.52891
2892,55,32,838.8140442
2893,55,33,866.6095693
2894,55,34,170.2978712
2895,55,35,792.8960107
2896,55,36,674.0132363
2897,55,37,832.9701556
2898,55,38,836.1843272
2899,55,39,845.8499069
2900,55,40,508.5794139
2901,55,41,863.4552681
2902,55,42,44.17591515
2903,55,43,6.471871671
2904,55,44,557.7702794
2905,55,45,859.9038069
2906,55,46,265.0966326
2907,55,47,536.6728128
2908,55,48,514.1613051
2909,55,49,463.9742377
2910,55,50,849.6631993
2911,55,51,591.4696193
2912,56,0,258.7817046
2913,56,1,218.5027881
2914,56,2,131.2557334
2915,56,3,182.3084414
2916,56,4,96.73199179
2917,56,5,93.88993434
2918,56,6,190.8795263
2919,56,7,117.4634552
2920,56,8,588.3272219
2921,56,9,269.1107264
2922,56,10,353.3532875
2923,56,11,392.7780237
2924,56,12,246.7954588
2925,56,13,249.7466733
2926,56,14,240.1330797
2927,56,15,258.9490581
2928,56,16,251.7424968
2929,56,17,80.70905082
2930,56,18,205.9766961
2931,56,19,215.6137283
2932,56,20,241.5249132
2933,56,21,179.0164662
2934,56,22,456.4128434
2935,56,23,349.8391111
2936,56,24,270.7590228
2937,56,25,245.1051907
2938,56,26,146.2274425
2939,56,27,333.762918
2940,56,28,223.4979063
2941,56,29,278.1427486
2942,56,30,111.2552414
2943,56,31,101.4363506
2944,56,32,256.3077411
2945,56,33,277.7329437
2946,56,34,481.5492066
2947,56,35,232.8599845
2948,56,36,85.88048372
2949,56,37,245.746933
2950,56,38,249.6032019
2951,56,39,260.2904668
2952,56,40,89.10964179
2953,56,41,276.0837221
2954,56,42,560.6171512
2955,56,43,589.7031106
2956,56,44,92.25156748
2957,56,45,271.2586756
2958,56,46,401.4200167
2959,56,47,79.33365684
2960,56,48,355.1017348
2961,56,49,268.6022841
2962,56,50,260.6710115
2963,56,51,112.696088
2964,57,0,61.55189842
2965,57,1,29.01339468
2966,57,2,75.39153495
2967,57,3,26.52850895
2968,57,4,133.2323091
2969,57,5,143.8247425
2970,57,6,58.71879894
2971,57,7,113.7155735
2972,57,8,620.7261319
2973,57,9,343.4024191
2974,57,10,177.9221593
2975,57,11,220.4122716
2976,57,12,264.5475309
2977,57,13,278.413107
2978,57,14,282.8083877
2979,57,15,303.93506
2980,57,16,286.2431209
2981,57,17,241.6116304
2982,57,18,135.5920379
2983,57,19,187.3640991
2984,57,20,242.9778294
2985,57,21,118.4409782
2986,57,22,469.4124116
2987,57,23,183.3724465
2988,57,24,164.5387317
2989,57,25,285.0019491
2990,57,26,138.0128008
2991,57,27,174.2816016
2992,57,28,239.2773148
2993,57,29,119.0635874
2994,57,30,158.8573131
2995,57,31,139.3093534
2996,57,32,295.6906857
2997,57,33,363.7201095
2998,57,34,460.1825694
2999,57,35,221.3503262
3000,57,36,240.641355
3001,57,37,309.3440811
3002,57,38,308.4441824
3003,57,39,311.5492349
3004,57,40,182.959391
3005,57,41,334.5601548
3006,57,42,571.5308332
3007,57,43,612.7554914
3008,57,44,123.8115844
3009,57,45,342.2767711
3010,57,46,360.804303
3011,57,47,154.5027466
3012,57,48,191.5069194
3013,57,49,158.097272
3014,57,50,341.4669522
3015,57,51,93.7546429
3016,58,0,110.5822083
3017,58,1,79.64346232
3018,58,2,72.42230049
3019,58,3,69.99186388
3020,58,4,141.6174012
3021,58,5,79.44044085
3022,58,6,36.70135829
3023,58,7,51.62282234
3024,58,8,534.3545433
3025,58,9,377.8461337
3026,58,10,185.2327545
3027,58,11,223.876725
3028,58,12,314.8006727
3029,58,13,325.8302082
3030,58,14,325.439023
3031,58,15,347.1834198
3032,58,16,332.1222127
3033,58,17,230.9452165
3034,58,18,201.7744227
3035,58,19,246.000279
3036,58,20,297.1641082
3037,58,21,29.20337218
3038,58,22,384.7363744
3039,58,23,180.8444245
3040,58,24,110.410767
3041,58,25,328.8207611
3042,58,26,49.49583139
3043,58,27,164.6965399
3044,58,28,287.9597558
3045,58,29,109.6348124
3046,58,30,80.86877601
3047,58,31,152.1332863
3048,58,32,340.4487135
3049,58,33,394.5082791
3050,58,34,383.3095748
3051,58,35,278.0147687
3052,58,36,232.6509427
3053,58,37,345.9679954
3054,58,38,346.8175367
3055,58,39,352.9580124
3056,58,40,110.9277172
3057,58,41,374.5843684
3058,58,42,488.581127
3059,58,43,527.8879768
3060,58,44,77.87828459
3061,58,45,377.9314232
3062,58,46,287.239217
3063,58,47,94.26251083
3064,58,48,186.0277033
3065,58,49,106.4108931
3066,58,50,373.2624968
3067,58,51,83.37938741
3068,59,0,210.2630403
3069,59,1,217.7132608
3070,59,2,258.9106753
3071,59,3,238.6459257
3072,59,4,328.1354005
3073,59,5,242.1134915
3074,59,6,195.826193
3075,59,7,228.1980293
3076,59,8,407.7349423
3077,59,9,564.7044026
3078,59,10,153.4858724
3079,59,11,156.7880575
3080,59,12,499.5777759
3081,59,13,511.3595822
3082,59,14,511.7864826
3083,59,15,533.5321116
3084,59,16,517.99043
3085,59,17,407.8446365
3086,59,18,378.3149327
3087,59,19,427.1212426
3088,59,20,480.5930154
3089,59,21,163.6095071
3090,59,22,256.846161
3091,59,23,134.1277206
3092,59,24,81.2154154
3093,59,25,515.0163495
3094,59,26,189.0326162
3095,59,27,120.6785305
3096,59,28,472.9391765
3097,59,29,139.3140074
3098,59,30,223.1239121
3099,59,31,338.8110113
3100,59,32,526.5489665
3101,59,33,581.1240598
3102,59,34,225.5195342
3103,59,35,460.3376449
3104,59,36,410.7931854
3105,59,37,532.8283152
3106,59,38,533.6126062
3107,59,39,539.5380962
3108,59,40,249.3638864
3109,59,41,561.327187
3110,59,42,347.4519482
3111,59,43,393.8021599
3112,59,44,255.5417437
3113,59,45,564.8090979
3114,59,46,125.3743095
3115,59,47,255.6297222
3116,59,48,128.7771902
3117,59,49,87.43962638
3118,59,50,560.0062834
3119,59,51,270.0881777
3120,60,0,257.6852578
3121,60,1,256.3297004
3122,60,2,277.6827343
3123,60,3,269.1357195
3124,60,4,340.5454813
3125,60,5,241.9282696
3126,60,6,225.6871507
3127,60,7,236.3849305
3128,60,8,348.9716681
3129,60,9,576.2730609
3130,60,10,218.2538957
3131,60,11,223.7211905
3132,60,12,519.9973382
3133,60,13,530.2422718
3134,60,14,528.4006547
3135,60,15,550.0236039
3136,60,16,536.0254785
3137,60,17,405.5710712
3138,60,18,407.2342304
3139,60,19,452.388861
3140,60,20,503.1402474
3141,60,21,178.4348035
3142,60,22,196.4210885
3143,60,23,199.2508618
3144,60,24,123.286749
3145,60,25,532.1266686
3146,60,26,191.7855056
3147,60,27,184.3609917
3148,60,28,493.0926459
3149,60,29,191.3360282
3150,60,30,217.9643085
3151,60,31,351.6455552
3152,60,32,543.8951802
3153,60,33,590.5190868
3154,60,34,178.6968343
3155,60,35,484.2994932
3156,60,36,409.5105452
3157,60,37,546.1500443
3158,60,38,547.7544756
3159,60,39,555.0257195
3160,60,40,238.3116727
3161,60,41,575.7288176
3162,60,42,293.1576384
3163,60,43,337.2936212
3164,60,44,261.5242052
3165,60,45,576.9751563
3166,60,46,80.85163752
3167,60,47,253.1629029
3168,60,48,194.5633329
3169,60,49,130.231384
3170,60,50,570.3727968
3171,60,51,284.9349515
3172,61,0,151.4779542
3173,61,1,164.459167
3174,61,2,219.8292111
3175,61,3,190.816158
3176,61,4,291.8601192
3177,61,5,220.7401026
3178,61,6,150.6960975
3179,61,7,200.1699974
3180,61,8,469.1035793
3181,61,9,525.2593322
3182,61,10,96.2714806
3183,61,11,110.4433504
3184,61,12,454.2203702
3185,61,13,466.9896648
3186,61,14,469.064392
3187,61,15,490.6928105
3188,61,16,474.1702842
3189,61,17,381.9733819
3190,61,18,328.4252015
3191,61,19,379.125997
3192,61,20,433.919459
3193,61,21,135.7886237
3194,61,22,317.5508275
3195,61,23,78.05484225
3196,61,24,44.01993185
3197,61,25,471.8981309
3198,61,26,169.5324376
3199,61,27,61.79590631
3200,61,28,428.0429173
3201,61,29,79.56867487
3202,61,30,207.720867
3203,61,31,301.8858114
3204,61,32,483.1495681
3205,61,33,543.1996762
3206,61,34,287.44407
3207,61,35,412.8830107
3208,61,36,383.9994055
3209,61,37,492.3537511
3210,61,38,492.5135275
3211,61,39,497.3823971
3212,61,40,237.4902249
3213,61,41,519.7828194
3214,61,42,409.4208432
3215,61,43,455.5818449
3216,61,44,227.7738224
3217,61,45,524.909763
3218,61,46,187.4090518
3219,61,47,235.4794977
3220,61,48,75.01923581
3221,61,49,46.13175871
3222,61,50,521.5242302
3223,61,51,233.8431975
3224,62,0,21.28239729
3225,62,1,19.96785142
3226,62,2,108.1200639
3227,62,3,57.41389645
3228,62,4,172.2639148
3229,62,5,164.9762656
3230,62,6,59.76268772
3231,62,7,133.7042949
3232,62,8,605.414771
3233,62,9,383.9096067
3234,62,10,137.0756524
3235,62,11,179.5357921
3236,62,12,303.4975334
3237,62,13,317.731268
3238,62,14,322.7408877
3239,62,15,343.6989569
3240,62,16,325.7422501
3241,62,17,279.6664602
3242,62,18,172.7663268
3243,62,19,225.447434
3244,62,20,281.3673873
3245,62,21,116.9472073
3246,62,22,452.9956141
3247,62,23,143.2096703
3248,62,24,138.4169237
3249,62,25,324.7811059
3250,62,26,145.8142065
3251,62,27,135.2179478
3252,62,28,278.6645195
3253,62,29,82.88961804
3254,62,30,174.3309569
3255,62,31,179.0113885
3256,62,32,335.2964405
3257,62,33,404.4261746
3258,62,34,437.6525696
3259,62,35,259.4355585
3260,62,36,279.0886842
3261,62,37,349.7680077
3262,62,38,348.7191877
3263,62,39,351.5013937
3264,62,40,202.0227309
3265,62,41,374.5848241
3266,62,42,552.9280363
3267,62,43,595.8152615
3268,62,44,150.1182454
3269,62,45,382.6926494
3270,62,46,337.2362001
3271,62,47,177.6907213
3272,62,48,151.5471873
3273,62,49,131.5679613
3274,62,50,382.1523325
3275,62,51,127.0622125
3276,63,0,328.0014393
3277,63,1,325.0324744
3278,63,2,338.7188381
3279,63,3,335.2494312
3280,63,4,396.9330541
3281,63,5,293.1907016
3282,63,6,292.2480229
3283,63,7,293.0001741
3284,63,8,278.3978699
3285,63,9,629.3810925
3286,63,10,285.3231796
3287,63,11,286.1104322
3288,63,12,578.9891189
3289,63,13,588.2770641
3290,63,14,585.0953042
3291,63,15,606.4839499
3292,63,16,593.5189712
3293,63,17,450.7493162
3294,63,18,471.3422157
3295,63,19,514.4464088
3296,63,20,563.4258411
3297,63,21,240.6771224
3298,63,22,126.0323676
3299,63,23,265.963547
3300,63,24,193.7922881
3301,63,25,589.0940261
3302,63,26,247.3014509
3303,63,27,252.2484841
3304,63,28,552.1310223
3305,63,29,261.959418
3306,63,30,266.98344
3307,63,31,408.0887012
3308,63,32,600.919707
3309,63,33,642.0379836
3310,63,34,114.6411475
3311,63,35,545.4646436
3312,63,36,455.3779873
3313,63,37,600.6424191
3314,63,38,602.7607514
3315,63,39,610.827952
3316,63,40,281.839961
3317,63,41,630.6967027
3318,63,42,223.0733986
3319,63,43,266.7220331
3320,63,44,315.9832915
3321,63,45,630.4761901
3322,63,46,41.68973012
3323,63,47,302.4052013
3324,63,48,260.4693749
3325,63,49,200.7257563
3326,63,50,622.7145212
3327,63,51,343.8150106
3328,64,0,509.0946293
3329,64,1,505.659426
3330,64,2,512.2802174
3331,64,3,513.8698007
3332,64,4,563.9925623
3333,64,5,457.0023169
3334,64,6,471.4822776
3335,64,7,462.7799256
3336,64,8,103.5790486
3337,64,9,788.0434786
3338,64,10,458.029257
3339,64,11,451.1985958
3340,64,12,747.184218
3341,64,13,754.9900415
3342,64,14,749.8472629
3343,64,15,770.6548264
3344,64,16,759.3785822
3345,64,17,600.5707165
3346,64,18,647.0958731
3347,64,19,687.3776053
3348,64,20,733.5912377
3349,64,21,417.0388899
3350,64,22,64.09928207
3351,64,23,438.4612304
3352,64,24,374.7350366
3353,64,25,754.2122814
3354,64,26,417.4703449
3355,64,27,426.9004999
3356,64,28,720.6393232
3357,64,29,442.2404773
3358,64,30,429.4723664
3359,64,31,575.0063828
3360,64,32,766.0025299
3361,64,33,797.9580309
3362,64,34,91.27034057
3363,64,35,716.9811039
3364,64,36,606.1146448
3365,64,37,761.8491725
3366,64,38,764.7395487
3367,64,39,773.9445386
3368,64,40,436.9821463
3369,64,41,792.2976409
3370,64,42,42.35162044
3371,64,43,86.82299619
3372,64,44,482.6790262
3373,64,45,789.754272
3374,64,46,182.5583826
3375,64,47,463.4288005
3376,64,48,431.8239052
3377,64,49,381.6807061
3378,64,50,780.2312722
3379,64,51,514.9078263
3380,65,0,463.5989349
3381,65,1,461.7585024
3382,65,2,472.8769299
3383,65,3,471.7137963
3384,65,4,527.4895182
3385,65,5,421.3306635
3386,65,6,428.869322
3387,65,7,424.8761219
3388,65,8,152.1373131
3389,65,9,755.2809826
3390,65,10,409.7955727
3391,65,11,402.5738939
3392,65,12,710.5484856
3393,65,13,718.9935277
3394,65,14,714.6495428
3395,65,15,735.7235139
3396,65,16,723.7428163
3397,65,17,570.4089044
3398,65,18,606.7569936
3399,65,19,648.5212934
3400,65,20,696.0730768
3401,65,21,376.0812675
3402,65,22,46.21028109
3403,65,23,390.2328061
3404,65,24,329.0854201
3405,65,25,718.8726837
3406,65,26,379.2309858
3407,65,27,378.9401864
3408,65,28,683.8335022
3409,65,29,395.8451777
3410,65,30,394.1084497
3411,65,31,538.5885883
3412,65,32,730.6949452
3413,65,33,766.2331604
3414,65,34,44.58771902
3415,65,35,678.8269917
3416,65,36,575.6684811
3417,65,37,728.0703125
3418,65,38,730.6664002
3419,65,39,739.4393265
3420,65,40,404.1205079
3421,65,41,758.4173456
3422,65,42,87.95095145
3423,65,43,135.0870699
3424,65,44,446.0567612
3425,65,45,756.762276
3426,65,46,134.5015005
3427,65,47,428.7758577
3428,65,48,383.5041842
3429,65,49,336.0370119
3430,65,50,747.8825228
3431,65,51,476.6128355
