OriginID,O_Demand,lng,lat
0,2084,-82.357221,29.6757403
1,116,-82.3022838,30.3244416
2,1771,-85.5343954,30.1591402
3,222,-82.1666983,29.9523863
4,90,-80.7003334,28.2983112
5,15730,-80.4766834,26.1935353
6,83,-85.1979155,30.3888013
7,111,-82.0036572,26.9063964
8,681,-82.5955524,28.8502922
9,808,-81.8650364,29.9865835
10,44,-81.4009553,26.118786
11,585,-82.6233712,30.2216509
12,10,-81.8062531,27.1905809
13,137,-83.2362319,29.5526748
14,4452,-81.6481132,30.3352449
15,312,-87.3203222,30.5299979
16,231,-81.2862532,29.4748909
17,58,-84.8152135,29.6777939
18,289,-84.6126072,30.5786866
19,228,-82.7958011,29.7234556
20,19,-81.1908197,26.9548102
21,71,-85.2720125,29.8592383
22,140,-82.9511163,30.4984382
23,196,-81.8215798,27.4928458
24,143,-81.1521142,26.539967
25,1013,-82.5259685,28.5559951
26,557,-81.3423534,27.3410799
27,7448,-82.3799907,27.8931535
28,103,-85.8159385,30.8620072
29,761,-80.5747894,27.7005283
30,328,-85.2088141,30.7892485
31,93,-83.9217606,30.396898
32,64,-83.1785097,29.9900661
33,719,-81.7122822,28.7641128
34,1343,-81.9841817,26.5632731
35,1847,-84.2778004,30.4593104
36,301,-82.831233,29.2718541
37,41,-84.8685805,30.2598494
38,112,-83.4704159,30.4472325
39,61,-82.3931438,27.4755558
40,1147,-82.0431004,29.2028047
41,838,-80.3982011,27.0836036
42,13033,-80.5037495,25.6160085
43,140,-81.0226025,25.5861198
44,166,-81.7650867,30.6059629
45,398,-86.5910804,30.6143245
46,128,-80.8873884,27.3855924
47,2821,-81.3232839,28.5143906
48,202,-81.1393116,28.0590267
49,8095,-80.4483542,26.6491257
50,2821,-82.5110062,28.3098227
51,1998,-82.7980663,27.9053425
52,1087,-81.6934929,27.9536855
53,198,-81.7320389,29.5938964
54,218,-80.4435357,27.3798137
55,835,-87.0189188,30.6753483
56,20,-82.4237142,27.2253289
57,620,-81.1319751,28.6900648
58,100,-82.0695216,28.7133259
59,349,-82.9927542,30.1892438
60,152,-83.6395729,29.967146
61,105,-82.366918,30.0542796
62,1738,-81.161792,29.057769
63,235,-84.3591114,30.0913354
64,99,-86.162798,30.5712465
65,179,-85.6558052,30.6021017
